run_id,method_id,instrument_id,study_id,acquisition_timestamp,run_type,acceptance_status,acceptance_reason,column_id,column_injection_count,processing_method_version,analyst_ref,ingest_id,source_row
R00001,ASSAY_A,LCMS-01,STUDY-2025-01,2025-01-06T08:00:00+00:00,sample_analysis,accepted,,,40,1.0,ANALYST-02,,synthetic:R00001
R00002,ASSAY_B,LCMS-02,STUDY-2025-01,2025-01-06T10:00:00+00:00,sample_analysis,accepted,,,40,1.0,ANALYST-03,,synthetic:R00002
R00003,ASSAY_C,LCMS-03,STUDY-2025-01,2025-01-06T12:00:00+00:00,sample_analysis,accepted,,COL-0007,40,1.0,ANALYST-04,,synthetic:R00003
R00004,ASSAY_A,LCMS-02,STUDY-2025-01,2025-01-10T14:00:00+00:00,sample_analysis,accepted,,,40,1.0,ANALYST-01,,synthetic:R00004
R00005,ASSAY_B,LCMS-03,STUDY-2025-01,2025-01-10T16:00:00+00:00,sample_analysis,accepted,,COL-0007,40,1.0,ANALYST-02,,synthetic:R00005
R00006,ASSAY_C,LCMS-01,STUDY-2025-01,2025-01-10T08:00:00+00:00,sample_analysis,accepted,,,40,1.0,ANALYST-03,,synthetic:R00006
R00007,ASSAY_A,LCMS-03,STUDY-2025-01,2025-01-14T10:00:00+00:00,sample_analysis,accepted,,COL-0007,40,1.0,ANALYST-04,,synthetic:R00007
R00008,ASSAY_B,LCMS-01,STUDY-2025-01,2025-01-14T12:00:00+00:00,sample_analysis,accepted,,,40,1.0,ANALYST-01,,synthetic:R00008
R00009,ASSAY_C,LCMS-02,STUDY-2025-01,2025-01-14T14:00:00+00:00,sample_analysis,accepted,,,40,1.0,ANALYST-02,,synthetic:R00009
R00010,ASSAY_A,LCMS-01,STUDY-2025-01,2025-01-18T16:00:00+00:00,sample_analysis,accepted,,,40,1.0,ANALYST-03,,synthetic:R00010
R00011,ASSAY_B,LCMS-02,STUDY-2025-01,2025-01-18T08:00:00+00:00,sample_analysis,accepted,,,40,1.0,ANALYST-04,,synthetic:R00011
R00012,ASSAY_C,LCMS-03,STUDY-2025-01,2025-01-18T10:00:00+00:00,sample_analysis,accepted,,COL-0007,40,1.0,ANALYST-01,,synthetic:R00012
R00013,ASSAY_A,LCMS-02,STUDY-2025-01,2025-01-22T12:00:00+00:00,sample_analysis,accepted,,,40,1.0,ANALYST-02,,synthetic:R00013
R00014,ASSAY_B,LCMS-03,STUDY-2025-01,2025-01-22T14:00:00+00:00,sample_analysis,accepted,,COL-0007,40,1.0,ANALYST-03,,synthetic:R00014
R00015,ASSAY_C,LCMS-01,STUDY-2025-01,2025-01-22T16:00:00+00:00,sample_analysis,accepted,,,40,1.0,ANALYST-04,,synthetic:R00015
R00016,ASSAY_A,LCMS-03,STUDY-2025-01,2025-01-26T08:00:00+00:00,sample_analysis,accepted,,COL-0007,40,1.0,ANALYST-01,,synthetic:R00016
R00017,ASSAY_B,LCMS-01,STUDY-2025-01,2025-01-26T10:00:00+00:00,sample_analysis,accepted,,,40,1.0,ANALYST-02,,synthetic:R00017
R00018,ASSAY_C,LCMS-02,STUDY-2025-01,2025-01-26T12:00:00+00:00,sample_analysis,accepted,,,40,1.0,ANALYST-03,,synthetic:R00018
R00019,ASSAY_A,LCMS-01,STUDY-2025-01,2025-01-30T14:00:00+00:00,sample_analysis,accepted,,,40,1.0,ANALYST-04,,synthetic:R00019
R00020,ASSAY_B,LCMS-02,STUDY-2025-01,2025-01-30T16:00:00+00:00,sample_analysis,accepted,,,40,1.0,ANALYST-01,,synthetic:R00020
R00021,ASSAY_C,LCMS-03,STUDY-2025-01,2025-01-30T08:00:00+00:00,sample_analysis,accepted,,COL-0007,40,1.0,ANALYST-02,,synthetic:R00021
R00022,ASSAY_A,LCMS-02,STUDY-2025-01,2025-02-03T10:00:00+00:00,sample_analysis,accepted,,,40,1.0,ANALYST-03,,synthetic:R00022
R00023,ASSAY_B,LCMS-03,STUDY-2025-01,2025-02-03T12:00:00+00:00,sample_analysis,accepted,,COL-0007,40,1.0,ANALYST-04,,synthetic:R00023
R00024,ASSAY_C,LCMS-01,STUDY-2025-01,2025-02-03T14:00:00+00:00,sample_analysis,accepted,,,40,1.0,ANALYST-01,,synthetic:R00024
R00025,ASSAY_A,LCMS-03,STUDY-2025-01,2025-02-07T16:00:00+00:00,sample_analysis,accepted,,COL-0007,40,1.0,ANALYST-02,,synthetic:R00025
R00026,ASSAY_B,LCMS-01,STUDY-2025-01,2025-02-07T08:00:00+00:00,sample_analysis,accepted,,,40,1.0,ANALYST-03,,synthetic:R00026
R00027,ASSAY_C,LCMS-02,STUDY-2025-01,2025-02-07T10:00:00+00:00,sample_analysis,accepted,,,40,1.0,ANALYST-04,,synthetic:R00027
R00028,ASSAY_A,LCMS-01,STUDY-2025-01,2025-02-05T12:00:00+00:00,sample_analysis,accepted,,,80,1.0,ANALYST-01,,synthetic:R00028
R00029,ASSAY_B,LCMS-02,STUDY-2025-01,2025-02-05T14:00:00+00:00,sample_analysis,accepted,,,80,1.0,ANALYST-02,,synthetic:R00029
R00030,ASSAY_C,LCMS-03,STUDY-2025-01,2025-02-05T16:00:00+00:00,sample_analysis,accepted,,COL-0007,80,1.0,ANALYST-03,,synthetic:R00030
R00031,ASSAY_A,LCMS-02,STUDY-2025-01,2025-02-09T08:00:00+00:00,sample_analysis,accepted,,,80,1.0,ANALYST-04,,synthetic:R00031
R00032,ASSAY_B,LCMS-03,STUDY-2025-01,2025-02-09T10:00:00+00:00,sample_analysis,accepted,,COL-0007,80,1.0,ANALYST-01,,synthetic:R00032
R00033,ASSAY_C,LCMS-01,STUDY-2025-01,2025-02-09T12:00:00+00:00,sample_analysis,accepted,,,80,1.0,ANALYST-02,,synthetic:R00033
R00034,ASSAY_A,LCMS-03,STUDY-2025-01,2025-02-13T14:00:00+00:00,sample_analysis,accepted,,COL-0007,80,1.0,ANALYST-03,,synthetic:R00034
R00035,ASSAY_B,LCMS-01,STUDY-2025-01,2025-02-13T16:00:00+00:00,sample_analysis,accepted,,,80,1.0,ANALYST-04,,synthetic:R00035
R00036,ASSAY_C,LCMS-02,STUDY-2025-01,2025-02-13T08:00:00+00:00,sample_analysis,accepted,,,80,1.0,ANALYST-01,,synthetic:R00036
R00037,ASSAY_A,LCMS-01,STUDY-2025-01,2025-02-17T10:00:00+00:00,sample_analysis,accepted,,,80,1.0,ANALYST-02,,synthetic:R00037
R00038,ASSAY_B,LCMS-02,STUDY-2025-01,2025-02-17T12:00:00+00:00,sample_analysis,accepted,one or more QC replicates outside limits,,80,1.0,ANALYST-03,,synthetic:R00038
R00039,ASSAY_C,LCMS-03,STUDY-2025-01,2025-02-17T14:00:00+00:00,sample_analysis,accepted,,COL-0007,80,1.0,ANALYST-04,,synthetic:R00039
R00040,ASSAY_A,LCMS-02,STUDY-2025-01,2025-02-21T16:00:00+00:00,sample_analysis,accepted,,,80,1.0,ANALYST-01,,synthetic:R00040
R00041,ASSAY_B,LCMS-03,STUDY-2025-01,2025-02-21T08:00:00+00:00,sample_analysis,accepted,,COL-0007,80,1.0,ANALYST-02,,synthetic:R00041
R00042,ASSAY_C,LCMS-01,STUDY-2025-01,2025-02-21T10:00:00+00:00,sample_analysis,accepted,,,80,1.0,ANALYST-03,,synthetic:R00042
R00043,ASSAY_A,LCMS-03,STUDY-2025-01,2025-02-25T12:00:00+00:00,sample_analysis,accepted,,COL-0007,80,1.0,ANALYST-04,,synthetic:R00043
R00044,ASSAY_B,LCMS-01,STUDY-2025-01,2025-02-25T14:00:00+00:00,sample_analysis,accepted,,,80,1.0,ANALYST-01,,synthetic:R00044
R00045,ASSAY_C,LCMS-02,STUDY-2025-01,2025-02-25T16:00:00+00:00,sample_analysis,accepted,one or more QC replicates outside limits,,80,1.0,ANALYST-02,,synthetic:R00045
R00046,ASSAY_A,LCMS-01,STUDY-2025-01,2025-03-01T08:00:00+00:00,sample_analysis,accepted,,,80,1.0,ANALYST-03,,synthetic:R00046
R00047,ASSAY_B,LCMS-02,STUDY-2025-01,2025-03-01T10:00:00+00:00,sample_analysis,accepted,,,80,1.0,ANALYST-04,,synthetic:R00047
R00048,ASSAY_C,LCMS-03,STUDY-2025-01,2025-03-01T12:00:00+00:00,sample_analysis,accepted,,COL-0007,80,1.0,ANALYST-01,,synthetic:R00048
R00049,ASSAY_A,LCMS-02,STUDY-2025-01,2025-03-05T14:00:00+00:00,sample_analysis,accepted,,,80,1.0,ANALYST-02,,synthetic:R00049
R00050,ASSAY_B,LCMS-03,STUDY-2025-01,2025-03-05T16:00:00+00:00,sample_analysis,accepted,,COL-0007,80,1.0,ANALYST-03,,synthetic:R00050
R00051,ASSAY_C,LCMS-01,STUDY-2025-01,2025-03-05T08:00:00+00:00,sample_analysis,accepted,,,80,1.0,ANALYST-04,,synthetic:R00051
R00052,ASSAY_A,LCMS-03,STUDY-2025-01,2025-03-09T10:00:00+00:00,sample_analysis,accepted,,COL-0007,80,1.0,ANALYST-01,,synthetic:R00052
R00053,ASSAY_B,LCMS-01,STUDY-2025-01,2025-03-09T12:00:00+00:00,sample_analysis,accepted,,,80,1.0,ANALYST-02,,synthetic:R00053
R00054,ASSAY_C,LCMS-02,STUDY-2025-01,2025-03-09T14:00:00+00:00,sample_analysis,accepted,,,80,1.0,ANALYST-03,,synthetic:R00054
R00055,ASSAY_A,LCMS-01,STUDY-2025-01,2025-03-07T16:00:00+00:00,sample_analysis,accepted,,,120,1.0,ANALYST-04,,synthetic:R00055
R00056,ASSAY_B,LCMS-02,STUDY-2025-01,2025-03-07T08:00:00+00:00,sample_analysis,accepted,,,120,1.0,ANALYST-01,,synthetic:R00056
R00057,ASSAY_C,LCMS-03,STUDY-2025-01,2025-03-07T10:00:00+00:00,sample_analysis,accepted,,COL-0007,120,1.0,ANALYST-02,,synthetic:R00057
R00058,ASSAY_A,LCMS-02,STUDY-2025-01,2025-03-11T12:00:00+00:00,sample_analysis,accepted,,,120,1.0,ANALYST-03,,synthetic:R00058
R00059,ASSAY_B,LCMS-03,STUDY-2025-01,2025-03-11T14:00:00+00:00,sample_analysis,accepted,,COL-0007,120,1.0,ANALYST-04,,synthetic:R00059
R00060,ASSAY_C,LCMS-01,STUDY-2025-01,2025-03-11T16:00:00+00:00,sample_analysis,accepted,,,120,1.0,ANALYST-01,,synthetic:R00060
R00061,ASSAY_A,LCMS-03,STUDY-2025-01,2025-03-15T08:00:00+00:00,sample_analysis,accepted,,COL-0007,120,1.0,ANALYST-02,,synthetic:R00061
R00062,ASSAY_B,LCMS-01,STUDY-2025-01,2025-03-15T10:00:00+00:00,sample_analysis,accepted,one or more QC replicates outside limits,,120,1.0,ANALYST-03,,synthetic:R00062
R00063,ASSAY_C,LCMS-02,STUDY-2025-01,2025-03-15T12:00:00+00:00,sample_analysis,accepted,,,120,1.0,ANALYST-04,,synthetic:R00063
R00064,ASSAY_A,LCMS-01,STUDY-2025-01,2025-03-19T14:00:00+00:00,sample_analysis,accepted,one or more QC replicates outside limits,,120,1.0,ANALYST-01,,synthetic:R00064
R00065,ASSAY_B,LCMS-02,STUDY-2025-01,2025-03-19T16:00:00+00:00,sample_analysis,accepted,,,120,1.0,ANALYST-02,,synthetic:R00065
R00066,ASSAY_C,LCMS-03,STUDY-2025-01,2025-03-19T08:00:00+00:00,sample_analysis,accepted,,COL-0007,120,1.0,ANALYST-03,,synthetic:R00066
R00067,ASSAY_A,LCMS-02,STUDY-2025-01,2025-03-23T10:00:00+00:00,sample_analysis,accepted,,,120,1.0,ANALYST-04,,synthetic:R00067
R00068,ASSAY_B,LCMS-03,STUDY-2025-01,2025-03-23T12:00:00+00:00,sample_analysis,accepted,,COL-0007,120,1.0,ANALYST-01,,synthetic:R00068
R00069,ASSAY_C,LCMS-01,STUDY-2025-01,2025-03-23T14:00:00+00:00,sample_analysis,accepted,,,120,1.0,ANALYST-02,,synthetic:R00069
R00070,ASSAY_A,LCMS-03,STUDY-2025-01,2025-03-27T16:00:00+00:00,sample_analysis,accepted,,COL-0007,120,1.0,ANALYST-03,,synthetic:R00070
R00071,ASSAY_B,LCMS-01,STUDY-2025-01,2025-03-27T08:00:00+00:00,sample_analysis,accepted,,,120,1.0,ANALYST-04,,synthetic:R00071
R00072,ASSAY_C,LCMS-02,STUDY-2025-01,2025-03-27T10:00:00+00:00,sample_analysis,accepted,,,120,1.0,ANALYST-01,,synthetic:R00072
R00073,ASSAY_A,LCMS-01,STUDY-2025-01,2025-03-31T12:00:00+00:00,sample_analysis,accepted,,,120,1.0,ANALYST-02,,synthetic:R00073
R00074,ASSAY_B,LCMS-02,STUDY-2025-01,2025-03-31T14:00:00+00:00,sample_analysis,accepted,,,120,1.0,ANALYST-03,,synthetic:R00074
R00075,ASSAY_C,LCMS-03,STUDY-2025-01,2025-03-31T16:00:00+00:00,sample_analysis,accepted,,COL-0007,120,1.0,ANALYST-04,,synthetic:R00075
R00076,ASSAY_A,LCMS-02,STUDY-2025-01,2025-04-04T08:00:00+00:00,sample_analysis,accepted,,,120,1.0,ANALYST-01,,synthetic:R00076
R00077,ASSAY_B,LCMS-03,STUDY-2025-01,2025-04-04T10:00:00+00:00,sample_analysis,accepted,,COL-0007,120,1.0,ANALYST-02,,synthetic:R00077
R00078,ASSAY_C,LCMS-01,STUDY-2025-01,2025-04-04T12:00:00+00:00,sample_analysis,accepted,,,120,1.0,ANALYST-03,,synthetic:R00078
R00079,ASSAY_A,LCMS-03,STUDY-2025-01,2025-04-08T14:00:00+00:00,sample_analysis,accepted,one or more QC replicates outside limits,COL-0007,120,1.0,ANALYST-04,,synthetic:R00079
R00080,ASSAY_B,LCMS-01,STUDY-2025-01,2025-04-08T16:00:00+00:00,sample_analysis,accepted,,,120,1.0,ANALYST-01,,synthetic:R00080
R00081,ASSAY_C,LCMS-02,STUDY-2025-01,2025-04-08T08:00:00+00:00,sample_analysis,accepted,,,120,1.0,ANALYST-02,,synthetic:R00081
R00082,ASSAY_A,LCMS-01,STUDY-2025-02,2025-04-06T10:00:00+00:00,sample_analysis,accepted,,,160,1.0,ANALYST-03,,synthetic:R00082
R00083,ASSAY_B,LCMS-02,STUDY-2025-02,2025-04-06T12:00:00+00:00,sample_analysis,accepted,,,160,1.0,ANALYST-04,,synthetic:R00083
R00084,ASSAY_C,LCMS-03,STUDY-2025-02,2025-04-06T14:00:00+00:00,sample_analysis,accepted,,COL-0007,160,1.0,ANALYST-01,,synthetic:R00084
R00085,ASSAY_A,LCMS-02,STUDY-2025-02,2025-04-10T16:00:00+00:00,sample_analysis,accepted,,,160,1.0,ANALYST-02,,synthetic:R00085
R00086,ASSAY_B,LCMS-03,STUDY-2025-02,2025-04-10T08:00:00+00:00,sample_analysis,accepted,,COL-0007,160,1.0,ANALYST-03,,synthetic:R00086
R00087,ASSAY_C,LCMS-01,STUDY-2025-02,2025-04-10T10:00:00+00:00,sample_analysis,accepted,,,160,1.0,ANALYST-04,,synthetic:R00087
R00088,ASSAY_A,LCMS-03,STUDY-2025-02,2025-04-14T12:00:00+00:00,sample_analysis,accepted,one or more QC replicates outside limits,COL-0007,160,1.0,ANALYST-01,,synthetic:R00088
R00089,ASSAY_B,LCMS-01,STUDY-2025-02,2025-04-14T14:00:00+00:00,sample_analysis,accepted,,,160,1.0,ANALYST-02,,synthetic:R00089
R00090,ASSAY_C,LCMS-02,STUDY-2025-02,2025-04-14T16:00:00+00:00,sample_analysis,accepted,,,160,1.0,ANALYST-03,,synthetic:R00090
R00091,ASSAY_A,LCMS-01,STUDY-2025-02,2025-04-18T08:00:00+00:00,sample_analysis,accepted,one or more QC replicates outside limits,,160,1.0,ANALYST-04,,synthetic:R00091
R00092,ASSAY_B,LCMS-02,STUDY-2025-02,2025-04-18T10:00:00+00:00,sample_analysis,accepted,,,160,1.0,ANALYST-01,,synthetic:R00092
R00093,ASSAY_C,LCMS-03,STUDY-2025-02,2025-04-18T12:00:00+00:00,sample_analysis,accepted,,COL-0007,160,1.0,ANALYST-02,,synthetic:R00093
R00094,ASSAY_A,LCMS-02,STUDY-2025-02,2025-04-22T14:00:00+00:00,sample_analysis,accepted,,,160,1.0,ANALYST-03,,synthetic:R00094
R00095,ASSAY_B,LCMS-03,STUDY-2025-02,2025-04-22T16:00:00+00:00,sample_analysis,accepted,,COL-0007,160,1.0,ANALYST-04,,synthetic:R00095
R00096,ASSAY_C,LCMS-01,STUDY-2025-02,2025-04-22T08:00:00+00:00,sample_analysis,accepted,,,160,1.0,ANALYST-01,,synthetic:R00096
R00097,ASSAY_A,LCMS-03,STUDY-2025-02,2025-04-26T10:00:00+00:00,sample_analysis,accepted,one or more QC replicates outside limits,COL-0007,160,1.0,ANALYST-02,,synthetic:R00097
R00098,ASSAY_B,LCMS-01,STUDY-2025-02,2025-04-26T12:00:00+00:00,sample_analysis,accepted,,,160,1.0,ANALYST-03,,synthetic:R00098
R00099,ASSAY_C,LCMS-02,STUDY-2025-02,2025-04-26T14:00:00+00:00,sample_analysis,accepted,,,160,1.0,ANALYST-04,,synthetic:R00099
R00100,ASSAY_A,LCMS-01,STUDY-2025-02,2025-04-30T16:00:00+00:00,sample_analysis,accepted,,,160,1.0,ANALYST-01,,synthetic:R00100
R00101,ASSAY_B,LCMS-02,STUDY-2025-02,2025-04-30T08:00:00+00:00,sample_analysis,accepted,,,160,1.0,ANALYST-02,,synthetic:R00101
R00102,ASSAY_C,LCMS-03,STUDY-2025-02,2025-04-30T10:00:00+00:00,sample_analysis,accepted,,COL-0007,160,1.0,ANALYST-03,,synthetic:R00102
R00103,ASSAY_A,LCMS-02,STUDY-2025-02,2025-05-04T12:00:00+00:00,sample_analysis,accepted,,,160,1.0,ANALYST-04,,synthetic:R00103
R00104,ASSAY_B,LCMS-03,STUDY-2025-02,2025-05-04T14:00:00+00:00,sample_analysis,accepted,,COL-0007,160,1.0,ANALYST-01,,synthetic:R00104
R00105,ASSAY_C,LCMS-01,STUDY-2025-02,2025-05-04T16:00:00+00:00,sample_analysis,accepted,,,160,1.0,ANALYST-02,,synthetic:R00105
R00106,ASSAY_A,LCMS-03,STUDY-2025-02,2025-05-08T08:00:00+00:00,sample_analysis,accepted,,COL-0007,160,1.0,ANALYST-03,,synthetic:R00106
R00107,ASSAY_B,LCMS-01,STUDY-2025-02,2025-05-08T10:00:00+00:00,sample_analysis,accepted,,,160,1.0,ANALYST-04,,synthetic:R00107
R00108,ASSAY_C,LCMS-02,STUDY-2025-02,2025-05-08T12:00:00+00:00,sample_analysis,accepted,,,160,1.0,ANALYST-01,,synthetic:R00108
R00109,ASSAY_A,LCMS-01,STUDY-2025-02,2025-05-06T14:00:00+00:00,sample_analysis,accepted,,,200,1.0,ANALYST-02,,synthetic:R00109
R00110,ASSAY_B,LCMS-02,STUDY-2025-02,2025-05-06T16:00:00+00:00,sample_analysis,accepted,,,200,1.0,ANALYST-03,,synthetic:R00110
R00111,ASSAY_C,LCMS-03,STUDY-2025-02,2025-05-06T08:00:00+00:00,sample_analysis,accepted,,COL-0007,200,1.0,ANALYST-04,,synthetic:R00111
R00112,ASSAY_A,LCMS-02,STUDY-2025-02,2025-05-10T10:00:00+00:00,sample_analysis,accepted,,,200,1.0,ANALYST-01,,synthetic:R00112
R00113,ASSAY_B,LCMS-03,STUDY-2025-02,2025-05-10T12:00:00+00:00,sample_analysis,accepted,,COL-0007,200,1.0,ANALYST-02,,synthetic:R00113
R00114,ASSAY_C,LCMS-01,STUDY-2025-02,2025-05-10T14:00:00+00:00,sample_analysis,accepted,,,200,1.0,ANALYST-03,,synthetic:R00114
R00115,ASSAY_A,LCMS-03,STUDY-2025-02,2025-05-14T16:00:00+00:00,sample_analysis,accepted,,COL-0007,200,1.0,ANALYST-04,,synthetic:R00115
R00116,ASSAY_B,LCMS-01,STUDY-2025-02,2025-05-14T08:00:00+00:00,sample_analysis,accepted,,,200,1.0,ANALYST-01,,synthetic:R00116
R00117,ASSAY_C,LCMS-02,STUDY-2025-02,2025-05-14T10:00:00+00:00,sample_analysis,accepted,,,200,1.0,ANALYST-02,,synthetic:R00117
R00118,ASSAY_A,LCMS-01,STUDY-2025-02,2025-05-18T12:00:00+00:00,sample_analysis,accepted,,,200,1.0,ANALYST-03,,synthetic:R00118
R00119,ASSAY_B,LCMS-02,STUDY-2025-02,2025-05-18T14:00:00+00:00,sample_analysis,accepted,,,200,1.0,ANALYST-04,,synthetic:R00119
R00120,ASSAY_C,LCMS-03,STUDY-2025-02,2025-05-18T16:00:00+00:00,sample_analysis,accepted,,COL-0007,200,1.0,ANALYST-01,,synthetic:R00120
R00121,ASSAY_A,LCMS-02,STUDY-2025-02,2025-05-22T08:00:00+00:00,sample_analysis,accepted,,,200,1.0,ANALYST-02,,synthetic:R00121
R00122,ASSAY_B,LCMS-03,STUDY-2025-02,2025-05-22T10:00:00+00:00,sample_analysis,accepted,,COL-0007,200,1.0,ANALYST-03,,synthetic:R00122
R00123,ASSAY_C,LCMS-01,STUDY-2025-02,2025-05-22T12:00:00+00:00,sample_analysis,accepted,,,200,1.0,ANALYST-04,,synthetic:R00123
R00124,ASSAY_A,LCMS-03,STUDY-2025-02,2025-05-26T14:00:00+00:00,sample_analysis,accepted,,COL-0007,200,1.0,ANALYST-01,,synthetic:R00124
R00125,ASSAY_B,LCMS-01,STUDY-2025-02,2025-05-26T16:00:00+00:00,sample_analysis,accepted,,,200,1.0,ANALYST-02,,synthetic:R00125
R00126,ASSAY_C,LCMS-02,STUDY-2025-02,2025-05-26T08:00:00+00:00,sample_analysis,accepted,,,200,1.0,ANALYST-03,,synthetic:R00126
R00127,ASSAY_A,LCMS-01,STUDY-2025-02,2025-05-30T10:00:00+00:00,sample_analysis,accepted,,,200,1.0,ANALYST-04,,synthetic:R00127
R00128,ASSAY_B,LCMS-02,STUDY-2025-02,2025-05-30T12:00:00+00:00,sample_analysis,accepted,,,200,1.0,ANALYST-01,,synthetic:R00128
R00129,ASSAY_C,LCMS-03,STUDY-2025-02,2025-05-30T14:00:00+00:00,sample_analysis,accepted,,COL-0007,200,1.0,ANALYST-02,,synthetic:R00129
R00130,ASSAY_A,LCMS-02,STUDY-2025-02,2025-06-03T16:00:00+00:00,sample_analysis,accepted,,,200,1.0,ANALYST-03,,synthetic:R00130
R00131,ASSAY_B,LCMS-03,STUDY-2025-02,2025-06-03T08:00:00+00:00,sample_analysis,accepted,,COL-0007,200,1.0,ANALYST-04,,synthetic:R00131
R00132,ASSAY_C,LCMS-01,STUDY-2025-02,2025-06-03T10:00:00+00:00,sample_analysis,accepted,,,200,1.0,ANALYST-01,,synthetic:R00132
R00133,ASSAY_A,LCMS-03,STUDY-2025-02,2025-06-07T12:00:00+00:00,sample_analysis,accepted,,COL-0007,200,1.0,ANALYST-02,,synthetic:R00133
R00134,ASSAY_B,LCMS-01,STUDY-2025-02,2025-06-07T14:00:00+00:00,sample_analysis,accepted,,,200,1.0,ANALYST-03,,synthetic:R00134
R00135,ASSAY_C,LCMS-02,STUDY-2025-02,2025-06-07T16:00:00+00:00,sample_analysis,accepted,,,200,1.0,ANALYST-04,,synthetic:R00135
R00136,ASSAY_A,LCMS-01,STUDY-2025-02,2025-06-05T08:00:00+00:00,sample_analysis,accepted,,,240,1.0,ANALYST-01,,synthetic:R00136
R00137,ASSAY_B,LCMS-02,STUDY-2025-02,2025-06-05T10:00:00+00:00,sample_analysis,accepted,,,240,1.0,ANALYST-02,,synthetic:R00137
R00138,ASSAY_C,LCMS-03,STUDY-2025-02,2025-06-05T12:00:00+00:00,sample_analysis,accepted,,COL-0007,240,1.0,ANALYST-03,,synthetic:R00138
R00139,ASSAY_A,LCMS-02,STUDY-2025-02,2025-06-09T14:00:00+00:00,sample_analysis,accepted,,,240,1.0,ANALYST-04,,synthetic:R00139
R00140,ASSAY_B,LCMS-03,STUDY-2025-02,2025-06-09T16:00:00+00:00,sample_analysis,accepted,,COL-0007,240,1.0,ANALYST-01,,synthetic:R00140
R00141,ASSAY_C,LCMS-01,STUDY-2025-02,2025-06-09T08:00:00+00:00,sample_analysis,accepted,,,240,1.0,ANALYST-02,,synthetic:R00141
R00142,ASSAY_A,LCMS-03,STUDY-2025-02,2025-06-13T10:00:00+00:00,sample_analysis,accepted,,COL-0007,240,1.0,ANALYST-03,,synthetic:R00142
R00143,ASSAY_B,LCMS-01,STUDY-2025-02,2025-06-13T12:00:00+00:00,sample_analysis,accepted,,,240,1.0,ANALYST-04,,synthetic:R00143
R00144,ASSAY_C,LCMS-02,STUDY-2025-02,2025-06-13T14:00:00+00:00,sample_analysis,accepted,,,240,1.0,ANALYST-01,,synthetic:R00144
R00145,ASSAY_A,LCMS-01,STUDY-2025-02,2025-06-17T16:00:00+00:00,sample_analysis,accepted,,,240,1.0,ANALYST-02,,synthetic:R00145
R00146,ASSAY_B,LCMS-02,STUDY-2025-02,2025-06-17T08:00:00+00:00,sample_analysis,accepted,,,240,1.0,ANALYST-03,,synthetic:R00146
R00147,ASSAY_C,LCMS-03,STUDY-2025-02,2025-06-17T10:00:00+00:00,sample_analysis,accepted,,COL-0007,240,1.0,ANALYST-04,,synthetic:R00147
R00148,ASSAY_A,LCMS-02,STUDY-2025-02,2025-06-21T12:00:00+00:00,sample_analysis,accepted,,,240,1.0,ANALYST-01,,synthetic:R00148
R00149,ASSAY_B,LCMS-03,STUDY-2025-02,2025-06-21T14:00:00+00:00,sample_analysis,accepted,,COL-0007,240,1.0,ANALYST-02,,synthetic:R00149
R00150,ASSAY_C,LCMS-01,STUDY-2025-02,2025-06-21T16:00:00+00:00,sample_analysis,accepted,,,240,1.0,ANALYST-03,,synthetic:R00150
R00151,ASSAY_A,LCMS-03,STUDY-2025-02,2025-06-25T08:00:00+00:00,sample_analysis,accepted,,COL-0007,240,1.0,ANALYST-04,,synthetic:R00151
R00152,ASSAY_B,LCMS-01,STUDY-2025-02,2025-06-25T10:00:00+00:00,sample_analysis,accepted,,,240,1.0,ANALYST-01,,synthetic:R00152
R00153,ASSAY_C,LCMS-02,STUDY-2025-02,2025-06-25T12:00:00+00:00,sample_analysis,accepted,,,240,1.0,ANALYST-02,,synthetic:R00153
R00154,ASSAY_A,LCMS-01,STUDY-2025-02,2025-06-29T14:00:00+00:00,sample_analysis,accepted,,,240,1.0,ANALYST-03,,synthetic:R00154
R00155,ASSAY_B,LCMS-02,STUDY-2025-02,2025-06-29T16:00:00+00:00,sample_analysis,accepted,,,240,1.0,ANALYST-04,,synthetic:R00155
R00156,ASSAY_C,LCMS-03,STUDY-2025-02,2025-06-29T08:00:00+00:00,sample_analysis,accepted,,COL-0007,240,1.0,ANALYST-01,,synthetic:R00156
R00157,ASSAY_A,LCMS-02,STUDY-2025-02,2025-07-03T10:00:00+00:00,sample_analysis,accepted,,,240,1.0,ANALYST-02,,synthetic:R00157
R00158,ASSAY_B,LCMS-03,STUDY-2025-02,2025-07-03T12:00:00+00:00,sample_analysis,accepted,,COL-0007,240,1.0,ANALYST-03,,synthetic:R00158
R00159,ASSAY_C,LCMS-01,STUDY-2025-02,2025-07-03T14:00:00+00:00,sample_analysis,accepted,,,240,1.0,ANALYST-04,,synthetic:R00159
R00160,ASSAY_A,LCMS-03,STUDY-2025-02,2025-07-07T16:00:00+00:00,sample_analysis,accepted,,COL-0007,240,1.0,ANALYST-01,,synthetic:R00160
R00161,ASSAY_B,LCMS-01,STUDY-2025-02,2025-07-07T08:00:00+00:00,sample_analysis,accepted,,,240,1.0,ANALYST-02,,synthetic:R00161
R00162,ASSAY_C,LCMS-02,STUDY-2025-02,2025-07-07T10:00:00+00:00,sample_analysis,accepted,,,240,1.0,ANALYST-03,,synthetic:R00162
R00163,ASSAY_A,LCMS-01,STUDY-2025-03,2025-07-05T12:00:00+00:00,sample_analysis,accepted,,,280,1.0,ANALYST-04,,synthetic:R00163
R00164,ASSAY_B,LCMS-02,STUDY-2025-03,2025-07-05T14:00:00+00:00,sample_analysis,accepted,,,280,1.0,ANALYST-01,,synthetic:R00164
R00165,ASSAY_C,LCMS-03,STUDY-2025-03,2025-07-05T16:00:00+00:00,sample_analysis,accepted,,COL-0007,280,1.0,ANALYST-02,,synthetic:R00165
R00166,ASSAY_A,LCMS-02,STUDY-2025-03,2025-07-09T08:00:00+00:00,sample_analysis,accepted,,,280,1.0,ANALYST-03,,synthetic:R00166
R00167,ASSAY_B,LCMS-03,STUDY-2025-03,2025-07-09T10:00:00+00:00,sample_analysis,accepted,,COL-0007,280,1.0,ANALYST-04,,synthetic:R00167
R00168,ASSAY_C,LCMS-01,STUDY-2025-03,2025-07-09T12:00:00+00:00,sample_analysis,accepted,,,280,1.0,ANALYST-01,,synthetic:R00168
R00169,ASSAY_A,LCMS-03,STUDY-2025-03,2025-07-13T14:00:00+00:00,sample_analysis,accepted,,COL-0007,280,1.0,ANALYST-02,,synthetic:R00169
R00170,ASSAY_B,LCMS-01,STUDY-2025-03,2025-07-13T16:00:00+00:00,sample_analysis,accepted,,,280,1.0,ANALYST-03,,synthetic:R00170
R00171,ASSAY_C,LCMS-02,STUDY-2025-03,2025-07-13T08:00:00+00:00,sample_analysis,accepted,,,280,1.0,ANALYST-04,,synthetic:R00171
R00172,ASSAY_A,LCMS-01,STUDY-2025-03,2025-07-17T10:00:00+00:00,sample_analysis,accepted,one or more QC replicates outside limits,,280,1.0,ANALYST-01,,synthetic:R00172
R00173,ASSAY_B,LCMS-02,STUDY-2025-03,2025-07-17T12:00:00+00:00,sample_analysis,accepted,,,280,1.0,ANALYST-02,,synthetic:R00173
R00174,ASSAY_C,LCMS-03,STUDY-2025-03,2025-07-17T14:00:00+00:00,sample_analysis,accepted,,COL-0007,280,1.0,ANALYST-03,,synthetic:R00174
R00175,ASSAY_A,LCMS-02,STUDY-2025-03,2025-07-21T16:00:00+00:00,sample_analysis,accepted,,,280,1.0,ANALYST-04,,synthetic:R00175
R00176,ASSAY_B,LCMS-03,STUDY-2025-03,2025-07-21T08:00:00+00:00,sample_analysis,accepted,,COL-0007,280,1.0,ANALYST-01,,synthetic:R00176
R00177,ASSAY_C,LCMS-01,STUDY-2025-03,2025-07-21T10:00:00+00:00,sample_analysis,accepted,,,280,1.0,ANALYST-02,,synthetic:R00177
R00178,ASSAY_A,LCMS-03,STUDY-2025-03,2025-07-25T12:00:00+00:00,sample_analysis,accepted,,COL-0007,280,1.0,ANALYST-03,,synthetic:R00178
R00179,ASSAY_B,LCMS-01,STUDY-2025-03,2025-07-25T14:00:00+00:00,sample_analysis,accepted,,,280,1.0,ANALYST-04,,synthetic:R00179
R00180,ASSAY_C,LCMS-02,STUDY-2025-03,2025-07-25T16:00:00+00:00,sample_analysis,accepted,,,280,1.0,ANALYST-01,,synthetic:R00180
R00181,ASSAY_A,LCMS-01,STUDY-2025-03,2025-07-29T08:00:00+00:00,sample_analysis,accepted,,,280,1.0,ANALYST-02,,synthetic:R00181
R00182,ASSAY_B,LCMS-02,STUDY-2025-03,2025-07-29T10:00:00+00:00,sample_analysis,accepted,,,280,1.0,ANALYST-03,,synthetic:R00182
R00183,ASSAY_C,LCMS-03,STUDY-2025-03,2025-07-29T12:00:00+00:00,sample_analysis,accepted,one or more QC replicates outside limits,COL-0007,280,1.0,ANALYST-04,,synthetic:R00183
R00184,ASSAY_A,LCMS-02,STUDY-2025-03,2025-08-02T14:00:00+00:00,sample_analysis,accepted,,,280,1.0,ANALYST-01,,synthetic:R00184
R00185,ASSAY_B,LCMS-03,STUDY-2025-03,2025-08-02T16:00:00+00:00,sample_analysis,accepted,,COL-0007,280,1.0,ANALYST-02,,synthetic:R00185
R00186,ASSAY_C,LCMS-01,STUDY-2025-03,2025-08-02T08:00:00+00:00,sample_analysis,accepted,,,280,1.0,ANALYST-03,,synthetic:R00186
R00187,ASSAY_A,LCMS-03,STUDY-2025-03,2025-08-06T10:00:00+00:00,sample_analysis,accepted,,COL-0007,280,1.0,ANALYST-04,,synthetic:R00187
R00188,ASSAY_B,LCMS-01,STUDY-2025-03,2025-08-06T12:00:00+00:00,sample_analysis,accepted,,,280,1.0,ANALYST-01,,synthetic:R00188
R00189,ASSAY_C,LCMS-02,STUDY-2025-03,2025-08-06T14:00:00+00:00,sample_analysis,accepted,,,280,1.0,ANALYST-02,,synthetic:R00189
R00190,ASSAY_A,LCMS-01,STUDY-2025-03,2025-08-04T16:00:00+00:00,sample_analysis,accepted,,,320,1.0,ANALYST-03,,synthetic:R00190
R00191,ASSAY_B,LCMS-02,STUDY-2025-03,2025-08-04T08:00:00+00:00,sample_analysis,accepted,,,320,1.0,ANALYST-04,,synthetic:R00191
R00192,ASSAY_C,LCMS-03,STUDY-2025-03,2025-08-04T10:00:00+00:00,sample_analysis,accepted,one or more QC replicates outside limits,COL-0007,320,1.0,ANALYST-01,,synthetic:R00192
R00193,ASSAY_A,LCMS-02,STUDY-2025-03,2025-08-08T12:00:00+00:00,sample_analysis,accepted,,,320,1.0,ANALYST-02,,synthetic:R00193
R00194,ASSAY_B,LCMS-03,STUDY-2025-03,2025-08-08T14:00:00+00:00,sample_analysis,accepted,,COL-0007,320,1.0,ANALYST-03,,synthetic:R00194
R00195,ASSAY_C,LCMS-01,STUDY-2025-03,2025-08-08T16:00:00+00:00,sample_analysis,accepted,one or more QC replicates outside limits,,320,1.0,ANALYST-04,,synthetic:R00195
R00196,ASSAY_A,LCMS-03,STUDY-2025-03,2025-08-12T08:00:00+00:00,sample_analysis,accepted,,COL-0007,320,1.0,ANALYST-01,,synthetic:R00196
R00197,ASSAY_B,LCMS-01,STUDY-2025-03,2025-08-12T10:00:00+00:00,sample_analysis,accepted,,,320,1.0,ANALYST-02,,synthetic:R00197
R00198,ASSAY_C,LCMS-02,STUDY-2025-03,2025-08-12T12:00:00+00:00,sample_analysis,accepted,,,320,1.0,ANALYST-03,,synthetic:R00198
R00199,ASSAY_A,LCMS-01,STUDY-2025-03,2025-08-16T14:00:00+00:00,sample_analysis,accepted,,,320,1.0,ANALYST-04,,synthetic:R00199
R00200,ASSAY_B,LCMS-02,STUDY-2025-03,2025-08-16T16:00:00+00:00,sample_analysis,accepted,,,320,1.0,ANALYST-01,,synthetic:R00200
R00201,ASSAY_C,LCMS-03,STUDY-2025-03,2025-08-16T08:00:00+00:00,sample_analysis,accepted,,COL-0007,320,1.0,ANALYST-02,,synthetic:R00201
R00202,ASSAY_A,LCMS-02,STUDY-2025-03,2025-08-20T10:00:00+00:00,sample_analysis,accepted,,,320,1.0,ANALYST-03,,synthetic:R00202
R00203,ASSAY_B,LCMS-03,STUDY-2025-03,2025-08-20T12:00:00+00:00,sample_analysis,accepted,,COL-0007,320,1.0,ANALYST-04,,synthetic:R00203
R00204,ASSAY_C,LCMS-01,STUDY-2025-03,2025-08-20T14:00:00+00:00,sample_analysis,accepted,,,320,1.0,ANALYST-01,,synthetic:R00204
R00205,ASSAY_A,LCMS-03,STUDY-2025-03,2025-08-24T16:00:00+00:00,sample_analysis,accepted,,COL-0007,320,1.0,ANALYST-02,,synthetic:R00205
R00206,ASSAY_B,LCMS-01,STUDY-2025-03,2025-08-24T08:00:00+00:00,sample_analysis,accepted,,,320,1.0,ANALYST-03,,synthetic:R00206
R00207,ASSAY_C,LCMS-02,STUDY-2025-03,2025-08-24T10:00:00+00:00,sample_analysis,accepted,one or more QC replicates outside limits,,320,1.0,ANALYST-04,,synthetic:R00207
R00208,ASSAY_A,LCMS-01,STUDY-2025-03,2025-08-28T12:00:00+00:00,sample_analysis,accepted,,,320,1.0,ANALYST-01,,synthetic:R00208
R00209,ASSAY_B,LCMS-02,STUDY-2025-03,2025-08-28T14:00:00+00:00,sample_analysis,accepted,,,320,1.0,ANALYST-02,,synthetic:R00209
R00210,ASSAY_C,LCMS-03,STUDY-2025-03,2025-08-28T16:00:00+00:00,sample_analysis,accepted,,COL-0007,320,1.0,ANALYST-03,,synthetic:R00210
R00211,ASSAY_A,LCMS-02,STUDY-2025-03,2025-09-01T08:00:00+00:00,sample_analysis,accepted,,,320,1.0,ANALYST-04,,synthetic:R00211
R00212,ASSAY_B,LCMS-03,STUDY-2025-03,2025-09-01T10:00:00+00:00,sample_analysis,accepted,,COL-0007,320,1.0,ANALYST-01,,synthetic:R00212
R00213,ASSAY_C,LCMS-01,STUDY-2025-03,2025-09-01T12:00:00+00:00,sample_analysis,accepted,,,320,1.0,ANALYST-02,,synthetic:R00213
R00214,ASSAY_A,LCMS-03,STUDY-2025-03,2025-09-05T14:00:00+00:00,sample_analysis,accepted,,COL-0007,320,1.0,ANALYST-03,,synthetic:R00214
R00215,ASSAY_B,LCMS-01,STUDY-2025-03,2025-09-05T16:00:00+00:00,sample_analysis,accepted,,,320,1.0,ANALYST-04,,synthetic:R00215
R00216,ASSAY_C,LCMS-02,STUDY-2025-03,2025-09-05T08:00:00+00:00,sample_analysis,accepted,,,320,1.0,ANALYST-01,,synthetic:R00216
R00217,ASSAY_A,LCMS-01,STUDY-2025-03,2025-09-03T10:00:00+00:00,sample_analysis,accepted,,,360,1.0,ANALYST-02,,synthetic:R00217
R00218,ASSAY_B,LCMS-02,STUDY-2025-03,2025-09-03T12:00:00+00:00,sample_analysis,accepted,one or more QC replicates outside limits,,360,1.0,ANALYST-03,,synthetic:R00218
R00219,ASSAY_C,LCMS-03,STUDY-2025-03,2025-09-03T14:00:00+00:00,sample_analysis,accepted,,COL-0007,360,1.0,ANALYST-04,,synthetic:R00219
R00220,ASSAY_A,LCMS-02,STUDY-2025-03,2025-09-07T16:00:00+00:00,sample_analysis,accepted,,,360,1.0,ANALYST-01,,synthetic:R00220
R00221,ASSAY_B,LCMS-03,STUDY-2025-03,2025-09-07T08:00:00+00:00,sample_analysis,accepted,,COL-0007,360,1.0,ANALYST-02,,synthetic:R00221
R00222,ASSAY_C,LCMS-01,STUDY-2025-03,2025-09-07T10:00:00+00:00,sample_analysis,accepted,,,360,1.0,ANALYST-03,,synthetic:R00222
R00223,ASSAY_A,LCMS-03,STUDY-2025-03,2025-09-11T12:00:00+00:00,sample_analysis,accepted,,COL-0007,360,1.0,ANALYST-04,,synthetic:R00223
R00224,ASSAY_B,LCMS-01,STUDY-2025-03,2025-09-11T14:00:00+00:00,sample_analysis,accepted,,,360,1.0,ANALYST-01,,synthetic:R00224
R00225,ASSAY_C,LCMS-02,STUDY-2025-03,2025-09-11T16:00:00+00:00,sample_analysis,accepted,,,360,1.0,ANALYST-02,,synthetic:R00225
R00226,ASSAY_A,LCMS-01,STUDY-2025-03,2025-09-15T08:00:00+00:00,sample_analysis,accepted,,,360,1.0,ANALYST-03,,synthetic:R00226
R00227,ASSAY_B,LCMS-02,STUDY-2025-03,2025-09-15T10:00:00+00:00,sample_analysis,accepted,,,360,1.0,ANALYST-04,,synthetic:R00227
R00228,ASSAY_C,LCMS-03,STUDY-2025-03,2025-09-15T12:00:00+00:00,sample_analysis,accepted,,COL-0007,360,1.0,ANALYST-01,,synthetic:R00228
R00229,ASSAY_A,LCMS-02,STUDY-2025-03,2025-09-19T14:00:00+00:00,sample_analysis,accepted,,,360,1.0,ANALYST-02,,synthetic:R00229
R00230,ASSAY_B,LCMS-03,STUDY-2025-03,2025-09-19T16:00:00+00:00,sample_analysis,accepted,,COL-0007,360,1.0,ANALYST-03,,synthetic:R00230
R00231,ASSAY_C,LCMS-01,STUDY-2025-03,2025-09-19T08:00:00+00:00,sample_analysis,accepted,,,360,1.0,ANALYST-04,,synthetic:R00231
R00232,ASSAY_A,LCMS-03,STUDY-2025-03,2025-09-23T10:00:00+00:00,sample_analysis,accepted,,COL-0007,360,1.0,ANALYST-01,,synthetic:R00232
R00233,ASSAY_B,LCMS-01,STUDY-2025-03,2025-09-23T12:00:00+00:00,sample_analysis,accepted,one or more QC replicates outside limits,,360,1.0,ANALYST-02,,synthetic:R00233
R00234,ASSAY_C,LCMS-02,STUDY-2025-03,2025-09-23T14:00:00+00:00,sample_analysis,accepted,,,360,1.0,ANALYST-03,,synthetic:R00234
R00235,ASSAY_A,LCMS-01,STUDY-2025-03,2025-09-27T16:00:00+00:00,sample_analysis,accepted,,,360,1.0,ANALYST-04,,synthetic:R00235
R00236,ASSAY_B,LCMS-02,STUDY-2025-03,2025-09-27T08:00:00+00:00,sample_analysis,accepted,,,360,1.0,ANALYST-01,,synthetic:R00236
R00237,ASSAY_C,LCMS-03,STUDY-2025-03,2025-09-27T10:00:00+00:00,sample_analysis,accepted,one or more QC replicates outside limits,COL-0007,360,1.0,ANALYST-02,,synthetic:R00237
R00238,ASSAY_A,LCMS-02,STUDY-2025-03,2025-10-01T12:00:00+00:00,sample_analysis,accepted,,,360,1.0,ANALYST-03,,synthetic:R00238
R00239,ASSAY_B,LCMS-03,STUDY-2025-03,2025-10-01T14:00:00+00:00,sample_analysis,accepted,,COL-0007,360,1.0,ANALYST-04,,synthetic:R00239
R00240,ASSAY_C,LCMS-01,STUDY-2025-03,2025-10-01T16:00:00+00:00,sample_analysis,accepted,,,360,1.0,ANALYST-01,,synthetic:R00240
R00241,ASSAY_A,LCMS-03,STUDY-2025-03,2025-10-05T08:00:00+00:00,sample_analysis,accepted,,COL-0007,360,1.0,ANALYST-02,,synthetic:R00241
R00242,ASSAY_B,LCMS-01,STUDY-2025-03,2025-10-05T10:00:00+00:00,sample_analysis,accepted,one or more QC replicates outside limits,,360,1.0,ANALYST-03,,synthetic:R00242
R00243,ASSAY_C,LCMS-02,STUDY-2025-03,2025-10-05T12:00:00+00:00,sample_analysis,accepted,,,360,1.0,ANALYST-04,,synthetic:R00243
R00244,ASSAY_A,LCMS-01,STUDY-2025-04,2025-10-03T14:00:00+00:00,sample_analysis,accepted,,,400,1.0,ANALYST-01,,synthetic:R00244
R00245,ASSAY_B,LCMS-02,STUDY-2025-04,2025-10-03T16:00:00+00:00,sample_analysis,accepted,,,400,1.0,ANALYST-02,,synthetic:R00245
R00246,ASSAY_C,LCMS-03,STUDY-2025-04,2025-10-03T08:00:00+00:00,sample_analysis,accepted,,COL-0007,400,1.0,ANALYST-03,,synthetic:R00246
R00247,ASSAY_A,LCMS-02,STUDY-2025-04,2025-10-07T10:00:00+00:00,sample_analysis,accepted,,,400,1.0,ANALYST-04,,synthetic:R00247
R00248,ASSAY_B,LCMS-03,STUDY-2025-04,2025-10-07T12:00:00+00:00,sample_analysis,accepted,,COL-0007,400,1.0,ANALYST-01,,synthetic:R00248
R00249,ASSAY_C,LCMS-01,STUDY-2025-04,2025-10-07T14:00:00+00:00,sample_analysis,accepted,,,400,1.0,ANALYST-02,,synthetic:R00249
R00250,ASSAY_A,LCMS-03,STUDY-2025-04,2025-10-11T16:00:00+00:00,sample_analysis,accepted,,COL-0007,400,1.0,ANALYST-03,,synthetic:R00250
R00251,ASSAY_B,LCMS-01,STUDY-2025-04,2025-10-11T08:00:00+00:00,sample_analysis,accepted,,,400,1.0,ANALYST-04,,synthetic:R00251
R00252,ASSAY_C,LCMS-02,STUDY-2025-04,2025-10-11T10:00:00+00:00,sample_analysis,accepted,,,400,1.0,ANALYST-01,,synthetic:R00252
R00253,ASSAY_A,LCMS-01,STUDY-2025-04,2025-10-15T12:00:00+00:00,sample_analysis,accepted,,,400,1.0,ANALYST-02,,synthetic:R00253
R00254,ASSAY_B,LCMS-02,STUDY-2025-04,2025-10-15T14:00:00+00:00,sample_analysis,accepted,one or more QC replicates outside limits,,400,1.0,ANALYST-03,,synthetic:R00254
R00255,ASSAY_C,LCMS-03,STUDY-2025-04,2025-10-15T16:00:00+00:00,sample_analysis,accepted,,COL-0007,400,1.0,ANALYST-04,,synthetic:R00255
R00256,ASSAY_A,LCMS-02,STUDY-2025-04,2025-10-19T08:00:00+00:00,sample_analysis,accepted,,,400,1.0,ANALYST-01,,synthetic:R00256
R00257,ASSAY_B,LCMS-03,STUDY-2025-04,2025-10-19T10:00:00+00:00,sample_analysis,accepted,,COL-0007,400,1.0,ANALYST-02,,synthetic:R00257
R00258,ASSAY_C,LCMS-01,STUDY-2025-04,2025-10-19T12:00:00+00:00,sample_analysis,accepted,,,400,1.0,ANALYST-03,,synthetic:R00258
R00259,ASSAY_A,LCMS-03,STUDY-2025-04,2025-10-23T14:00:00+00:00,sample_analysis,accepted,,COL-0007,400,1.0,ANALYST-04,,synthetic:R00259
R00260,ASSAY_B,LCMS-01,STUDY-2025-04,2025-10-23T16:00:00+00:00,sample_analysis,accepted,,,400,1.0,ANALYST-01,,synthetic:R00260
R00261,ASSAY_C,LCMS-02,STUDY-2025-04,2025-10-23T08:00:00+00:00,sample_analysis,accepted,,,400,1.0,ANALYST-02,,synthetic:R00261
R00262,ASSAY_A,LCMS-01,STUDY-2025-04,2025-10-27T10:00:00+00:00,sample_analysis,accepted,,,400,1.0,ANALYST-03,,synthetic:R00262
R00263,ASSAY_B,LCMS-02,STUDY-2025-04,2025-10-27T12:00:00+00:00,sample_analysis,accepted,,,400,1.0,ANALYST-04,,synthetic:R00263
R00264,ASSAY_C,LCMS-03,STUDY-2025-04,2025-10-27T14:00:00+00:00,sample_analysis,accepted,,COL-0007,400,1.0,ANALYST-01,,synthetic:R00264
R00265,ASSAY_A,LCMS-02,STUDY-2025-04,2025-10-31T16:00:00+00:00,sample_analysis,accepted,,,400,1.0,ANALYST-02,,synthetic:R00265
R00266,ASSAY_B,LCMS-03,STUDY-2025-04,2025-10-31T08:00:00+00:00,sample_analysis,accepted,,COL-0007,400,1.0,ANALYST-03,,synthetic:R00266
R00267,ASSAY_C,LCMS-01,STUDY-2025-04,2025-10-31T10:00:00+00:00,sample_analysis,accepted,,,400,1.0,ANALYST-04,,synthetic:R00267
R00268,ASSAY_A,LCMS-03,STUDY-2025-04,2025-11-04T12:00:00+00:00,sample_analysis,accepted,,COL-0007,400,1.0,ANALYST-01,,synthetic:R00268
R00269,ASSAY_B,LCMS-01,STUDY-2025-04,2025-11-04T14:00:00+00:00,sample_analysis,accepted,,,400,1.0,ANALYST-02,,synthetic:R00269
R00270,ASSAY_C,LCMS-02,STUDY-2025-04,2025-11-04T16:00:00+00:00,sample_analysis,accepted,one or more QC replicates outside limits,,400,1.0,ANALYST-03,,synthetic:R00270
R00271,ASSAY_A,LCMS-01,STUDY-2025-04,2025-11-02T08:00:00+00:00,sample_analysis,accepted,,,440,1.0,ANALYST-04,,synthetic:R00271
R00272,ASSAY_B,LCMS-02,STUDY-2025-04,2025-11-02T10:00:00+00:00,sample_analysis,accepted,one or more QC replicates outside limits,,440,1.0,ANALYST-01,,synthetic:R00272
R00273,ASSAY_C,LCMS-03,STUDY-2025-04,2025-11-02T12:00:00+00:00,sample_analysis,accepted,one or more QC replicates outside limits,COL-0007,440,1.0,ANALYST-02,,synthetic:R00273
R00274,ASSAY_A,LCMS-02,STUDY-2025-04,2025-11-06T14:00:00+00:00,sample_analysis,accepted,,,440,1.0,ANALYST-03,,synthetic:R00274
R00275,ASSAY_B,LCMS-03,STUDY-2025-04,2025-11-06T16:00:00+00:00,sample_analysis,accepted,,COL-0007,440,1.0,ANALYST-04,,synthetic:R00275
R00276,ASSAY_C,LCMS-01,STUDY-2025-04,2025-11-06T08:00:00+00:00,sample_analysis,accepted,,,440,1.0,ANALYST-01,,synthetic:R00276
R00277,ASSAY_A,LCMS-03,STUDY-2025-04,2025-11-10T10:00:00+00:00,sample_analysis,accepted,,COL-0007,440,1.0,ANALYST-02,,synthetic:R00277
R00278,ASSAY_B,LCMS-01,STUDY-2025-04,2025-11-10T12:00:00+00:00,sample_analysis,accepted,one or more QC replicates outside limits,,440,1.0,ANALYST-03,,synthetic:R00278
R00279,ASSAY_C,LCMS-02,STUDY-2025-04,2025-11-10T14:00:00+00:00,sample_analysis,accepted,,,440,1.0,ANALYST-04,,synthetic:R00279
R00280,ASSAY_A,LCMS-01,STUDY-2025-04,2025-11-14T16:00:00+00:00,sample_analysis,accepted,,,440,1.0,ANALYST-01,,synthetic:R00280
R00281,ASSAY_B,LCMS-02,STUDY-2025-04,2025-11-14T08:00:00+00:00,sample_analysis,accepted,one or more QC replicates outside limits,,440,1.0,ANALYST-02,,synthetic:R00281
R00282,ASSAY_C,LCMS-03,STUDY-2025-04,2025-11-14T10:00:00+00:00,sample_analysis,accepted,one or more QC replicates outside limits,COL-0007,440,1.0,ANALYST-03,,synthetic:R00282
R00283,ASSAY_A,LCMS-02,STUDY-2025-04,2025-11-18T12:00:00+00:00,sample_analysis,accepted,,,440,1.0,ANALYST-04,,synthetic:R00283
R00284,ASSAY_B,LCMS-03,STUDY-2025-04,2025-11-18T14:00:00+00:00,sample_analysis,accepted,,COL-0007,440,1.0,ANALYST-01,,synthetic:R00284
R00285,ASSAY_C,LCMS-01,STUDY-2025-04,2025-11-18T16:00:00+00:00,sample_analysis,accepted,,,440,1.0,ANALYST-02,,synthetic:R00285
R00286,ASSAY_A,LCMS-03,STUDY-2025-04,2025-11-22T08:00:00+00:00,sample_analysis,accepted,,COL-0007,440,1.0,ANALYST-03,,synthetic:R00286
R00287,ASSAY_B,LCMS-01,STUDY-2025-04,2025-11-22T10:00:00+00:00,sample_analysis,accepted,,,440,1.0,ANALYST-04,,synthetic:R00287
R00288,ASSAY_C,LCMS-02,STUDY-2025-04,2025-11-22T12:00:00+00:00,sample_analysis,accepted,,,440,1.0,ANALYST-01,,synthetic:R00288
R00289,ASSAY_A,LCMS-01,STUDY-2025-04,2025-11-26T14:00:00+00:00,sample_analysis,accepted,,,440,1.0,ANALYST-02,,synthetic:R00289
R00290,ASSAY_B,LCMS-02,STUDY-2025-04,2025-11-26T16:00:00+00:00,sample_analysis,accepted,,,440,1.0,ANALYST-03,,synthetic:R00290
R00291,ASSAY_C,LCMS-03,STUDY-2025-04,2025-11-26T08:00:00+00:00,sample_analysis,accepted,one or more QC replicates outside limits,COL-0007,440,1.0,ANALYST-04,,synthetic:R00291
R00292,ASSAY_A,LCMS-02,STUDY-2025-04,2025-11-30T10:00:00+00:00,sample_analysis,accepted,,,440,1.0,ANALYST-01,,synthetic:R00292
R00293,ASSAY_B,LCMS-03,STUDY-2025-04,2025-11-30T12:00:00+00:00,sample_analysis,accepted,,COL-0007,440,1.0,ANALYST-02,,synthetic:R00293
R00294,ASSAY_C,LCMS-01,STUDY-2025-04,2025-11-30T14:00:00+00:00,sample_analysis,accepted,,,440,1.0,ANALYST-03,,synthetic:R00294
R00295,ASSAY_A,LCMS-03,STUDY-2025-04,2025-12-04T16:00:00+00:00,sample_analysis,accepted,,COL-0007,440,1.0,ANALYST-04,,synthetic:R00295
R00296,ASSAY_B,LCMS-01,STUDY-2025-04,2025-12-04T08:00:00+00:00,sample_analysis,accepted,,,440,1.0,ANALYST-01,,synthetic:R00296
R00297,ASSAY_C,LCMS-02,STUDY-2025-04,2025-12-04T10:00:00+00:00,sample_analysis,accepted,,,440,1.0,ANALYST-02,,synthetic:R00297
R00298,ASSAY_A,LCMS-01,STUDY-2025-04,2025-12-02T12:00:00+00:00,sample_analysis,accepted,one or more QC replicates outside limits,,480,1.0,ANALYST-03,,synthetic:R00298
R00299,ASSAY_B,LCMS-02,STUDY-2025-04,2025-12-02T14:00:00+00:00,sample_analysis,accepted,one or more QC replicates outside limits,,480,1.0,ANALYST-04,,synthetic:R00299
R00300,ASSAY_C,LCMS-03,STUDY-2025-04,2025-12-02T16:00:00+00:00,sample_analysis,accepted,one or more QC replicates outside limits,COL-0007,480,1.0,ANALYST-01,,synthetic:R00300
R00301,ASSAY_A,LCMS-02,STUDY-2025-04,2025-12-06T08:00:00+00:00,sample_analysis,accepted,,,480,1.0,ANALYST-02,,synthetic:R00301
R00302,ASSAY_B,LCMS-03,STUDY-2025-04,2025-12-06T10:00:00+00:00,sample_analysis,accepted,,COL-0007,480,1.0,ANALYST-03,,synthetic:R00302
R00303,ASSAY_C,LCMS-01,STUDY-2025-04,2025-12-06T12:00:00+00:00,sample_analysis,accepted,,,480,1.0,ANALYST-04,,synthetic:R00303
R00304,ASSAY_A,LCMS-03,STUDY-2025-04,2025-12-10T14:00:00+00:00,sample_analysis,accepted,,COL-0007,480,1.0,ANALYST-01,,synthetic:R00304
R00305,ASSAY_B,LCMS-01,STUDY-2025-04,2025-12-10T16:00:00+00:00,sample_analysis,accepted,,,480,1.0,ANALYST-02,,synthetic:R00305
R00306,ASSAY_C,LCMS-02,STUDY-2025-04,2025-12-10T08:00:00+00:00,sample_analysis,accepted,,,480,1.0,ANALYST-03,,synthetic:R00306
R00307,ASSAY_A,LCMS-01,STUDY-2025-04,2025-12-14T10:00:00+00:00,sample_analysis,accepted,,,480,1.0,ANALYST-04,,synthetic:R00307
R00308,ASSAY_B,LCMS-02,STUDY-2025-04,2025-12-14T12:00:00+00:00,sample_analysis,accepted,one or more QC replicates outside limits,,480,1.0,ANALYST-01,,synthetic:R00308
R00309,ASSAY_C,LCMS-03,STUDY-2025-04,2025-12-14T14:00:00+00:00,sample_analysis,accepted,one or more QC replicates outside limits,COL-0007,480,1.0,ANALYST-02,,synthetic:R00309
R00310,ASSAY_A,LCMS-02,STUDY-2025-04,2025-12-18T16:00:00+00:00,sample_analysis,accepted,,,480,1.0,ANALYST-03,,synthetic:R00310
R00311,ASSAY_B,LCMS-03,STUDY-2025-04,2025-12-18T08:00:00+00:00,sample_analysis,accepted,one or more QC replicates outside limits,COL-0007,480,1.0,ANALYST-04,,synthetic:R00311
R00312,ASSAY_C,LCMS-01,STUDY-2025-04,2025-12-18T10:00:00+00:00,sample_analysis,accepted,,,480,1.0,ANALYST-01,,synthetic:R00312
R00313,ASSAY_A,LCMS-03,STUDY-2025-04,2025-12-22T12:00:00+00:00,sample_analysis,accepted,,COL-0007,480,1.0,ANALYST-02,,synthetic:R00313
R00314,ASSAY_B,LCMS-01,STUDY-2025-04,2025-12-22T14:00:00+00:00,sample_analysis,accepted,,,480,1.0,ANALYST-03,,synthetic:R00314
R00315,ASSAY_C,LCMS-02,STUDY-2025-04,2025-12-22T16:00:00+00:00,sample_analysis,accepted,,,480,1.0,ANALYST-04,,synthetic:R00315
R00316,ASSAY_A,LCMS-01,STUDY-2025-04,2025-12-26T08:00:00+00:00,sample_analysis,accepted,,,480,1.0,ANALYST-01,,synthetic:R00316
R00317,ASSAY_B,LCMS-02,STUDY-2025-04,2025-12-26T10:00:00+00:00,sample_analysis,accepted,one or more QC replicates outside limits,,480,1.0,ANALYST-02,,synthetic:R00317
R00318,ASSAY_C,LCMS-03,STUDY-2025-04,2025-12-26T12:00:00+00:00,sample_analysis,accepted,one or more QC replicates outside limits,COL-0007,480,1.0,ANALYST-03,,synthetic:R00318
R00319,ASSAY_A,LCMS-02,STUDY-2025-04,2025-12-30T14:00:00+00:00,sample_analysis,accepted,,,480,1.0,ANALYST-04,,synthetic:R00319
R00320,ASSAY_B,LCMS-03,STUDY-2025-04,2025-12-30T16:00:00+00:00,sample_analysis,accepted,,COL-0007,480,1.0,ANALYST-01,,synthetic:R00320
R00321,ASSAY_C,LCMS-01,STUDY-2025-04,2025-12-30T08:00:00+00:00,sample_analysis,accepted,,,480,1.0,ANALYST-02,,synthetic:R00321
R00322,ASSAY_A,LCMS-03,STUDY-2025-04,2026-01-03T10:00:00+00:00,sample_analysis,accepted,,COL-0007,480,1.0,ANALYST-03,,synthetic:R00322
R00323,ASSAY_B,LCMS-01,STUDY-2025-04,2026-01-03T12:00:00+00:00,sample_analysis,accepted,,,480,1.0,ANALYST-04,,synthetic:R00323
R00324,ASSAY_C,LCMS-02,STUDY-2025-04,2026-01-03T14:00:00+00:00,sample_analysis,accepted,,,480,1.0,ANALYST-01,,synthetic:R00324
