batch_id,ph_setpoint,temperature_C,rpm,DO_percent,feed_rate_day3_mL_h,feed_rate_day5_mL_h,inoculation_density_E6_cells_mL,glucose_setpoint_g_L,harvest_VCD_E6_cells_mL,duration_hours,aeration_rate_vvm,pressure_bar,agitator_tip_speed_m_s,bioreactor_id,raw_material_lot_supplier,operator_shift,media_lot,deviation_reported,feed_strategy_alternative,ambient_humidity_percent,batch_sequence_number,lab_room_id,osmolality_mOsm_kg,seed_train_age_hours,antifoam_addition_mL
B001,7.254630997310698,37.16856103416143,119.34839218656376,42.25241948758457,38.81744902416557,35.67216583283829,0.6451434504496532,5.474748763853812,14.963467130994164,156.84498093008523,0.3829563909644776,0.8663425577056746,1.4381565035033719,BR-4,Supplier_C,Night,Lot-001,0.0,0.0,34.674124029887345,1.0,Lab-102,327.3366427847902,74.00129406981723,5.514030657479945
B002,6.984546879825467,36.500943678305816,120.7589586371044,41.96756919442958,40.01415278781165,45.19523958685721,0.7731186876880964,,12.03285169876204,173.79602680772675,0.26141955966673414,0.99486910131341,1.5568209639100394,BR-3,Supplier_C,Day,Lot-001,0.0,0.0,49.39134522067321,2.0,Lab-102,314.36036557210616,73.11307983950846,3.5432588457266405
B003,7.095421780811034,36.508162443655316,121.66421052163739,49.318725923527765,40.29609577308108,50.82318786936669,1.0247023216653477,5.19281384565985,17.717181579641395,172.59185028786555,0.32966814372862746,0.8421831624968676,1.5361272478652603,BR-5,Supplier_A,Day,Lot-003,,0.0,52.40783084645539,3.0,Lab-102,314.6310740128736,76.12591490705408,3.7515315180689774
B004,6.596214046156023,37.05673480085295,124.70671807412216,50.31344074904784,30.737310587136296,33.7930730212216,0.8739974009615857,3.929068340337163,16.28022841007698,150.5275497951156,0.4023995141554508,0.8588065413651303,1.506207360669157,BR-4,Supplier_B,Day,Lot-011,0.0,0.0,38.75038345248332,4.0,Lab-201,307.99164800133593,75.27667098535468,3.4719299752953003
B005,6.821857421152241,36.92039601582741,133.3717953181796,43.41942533776657,42.700771515745586,39.01402091018486,0.8875975688219709,4.143076565117065,14.70996588467302,162.367670933326,,0.7337950936906139,1.6764544930855527,BR-1,Supplier_A,Night,Lot-006,0.0,0.0,47.07338598545703,5.0,Lab-101,316.4294871523953,73.45586562794317,1.3164577795288932
B006,6.977119794372617,37.09205858660244,108.6667411889893,38.4974724582217,33.59883566868982,51.69753342652988,0.8337501324428653,4.6802660617796255,9.139973540855891,158.2313290389015,0.31654787959801317,0.71704740475709,1.3047416194635668,BR-5,Supplier_B,Day,Lot-009,,0.0,46.069866837517075,6.0,Lab-201,318.8159843329686,75.33969999406533,2.4152189838922546
B007,6.837016056143166,36.83431515317504,107.93634088519046,45.39612778782016,41.480718530340184,,0.8595932246388717,4.5906291608643945,12.336484846950132,177.64158971613432,0.3887146427774854,0.9466263557418666,1.4672777240073025,BR-4,Supplier_A,Day,Lot-005,0.0,1.0,61.737205268546106,7.0,Lab-102,305.5888978930178,71.74390142263513,5.345530880568303
B008,7.158591366873519,36.997350304259115,108.8801137053514,38.304576538729805,37.941487278599936,48.6778152838239,0.9133131436334243,4.755687723405494,,153.8491079368622,,0.7461216176053357,1.659446066098781,BR-4,Supplier_B,Night,Lot-003,0.0,0.0,62.395968296100584,8.0,Lab-201,313.4994670096814,74.4773483713344,1.0460690943680397
B009,7.389513375534639,36.95534167971679,125.46700000602448,41.99025143989656,30.429868755071286,58.08671624955153,0.7228616417328679,5.196483338511481,17.168344121790945,180.43806194216512,0.42273901274449943,0.7364844742825086,1.451746435944901,BR-1,Supplier_B,Day,Lot-005,0.0,0.0,33.68514885335839,9.0,Lab-102,307.6788136073146,67.64313358388185,2.9271585105380122
B010,6.818209350502726,37.172218586179724,136.93936854375735,48.90295421872538,36.26091262480347,49.045593060290315,0.925367029468984,3.6291288265834325,16.94017358528269,165.70034734434756,0.3747592817142336,0.8168720863026757,1.2925909265168045,BR-3,Supplier_C,Day,,0.0,0.0,66.95141604582392,10.0,Lab-101,342.5959688353781,74.21823555383477,3.4403919211943306
B011,6.879256587264665,37.182452898680566,116.82392674112587,38.095600578074034,40.00950058135072,50.27627206781567,0.6552396379737353,5.13560048944452,10.997571395068798,155.54259034257922,0.35426130276716394,0.8127846069298089,1.6569688549210777,BR-2,Supplier_A,Day,Lot-010,0.0,0.0,39.67819423077341,,Lab-201,313.92323076106055,76.01050611171605,6.441070614208192
B012,7.072380706295788,36.33304480196288,91.97960187008414,47.63975047469751,41.371309592610295,63.61984592691912,0.8594041567397845,4.6045550504768595,15.16341507498839,159.9045323439165,0.3453860533616023,0.7477994794845366,1.7296951408706462,BR-5,Supplier_C,Day,,,0.0,54.84538635461941,12.0,Lab-201,333.5427858203587,67.98191143156679,5.076045271694916
B013,7.320000906729932,36.1134560056307,101.5520856486755,46.741809580846116,37.2245665640557,44.61027037241181,,4.487919976381498,16.734133476262446,158.78543043308395,0.40573008806003114,0.7956021425029519,1.542800766777119,BR-4,Supplier_A,Day,Lot-005,0.0,0.0,54.763983846909845,13.0,Lab-101,312.6525320303077,72.31099259395708,3.219961262125661
B014,6.8099726237428175,37.25061088917803,112.00355932644786,35.31645728008425,46.42478389830579,40.81376203647978,0.746044829416947,,10.85166175571906,154.52843438186045,0.39073071852285884,0.9183500574120083,1.236264704244875,BR-5,Supplier_A,Day,Lot-012,1.0,0.0,39.03447818526555,14.0,Lab-201,318.1114516984189,68.25838494222384,5.826319175961771
B015,7.07482650201525,37.31570378264168,115.30725335005742,48.81725889752181,43.541309240426074,48.78067658860636,0.8172777669609224,4.876676767607275,14.48261006617888,166.85344173757338,0.41461722033562104,0.7555205112934561,1.6629551594718106,BR-3,Supplier_B,Day,Lot-008,1.0,0.0,50.94614235071279,15.0,Lab-201,299.1436311402568,68.84095982090331,2.9632778512984324
B016,7.3578337931463595,36.54278194317033,117.09933647294328,46.88996441760054,36.58840235980136,48.85344169102782,0.7452951816801336,3.272240681932929,15.102453276278604,154.9487600437734,0.38725305972166335,0.7085062012507062,1.28441793897285,BR-2,Supplier_A,Day,Lot-006,0.0,0.0,46.13973004587149,16.0,Lab-102,309.6351288975856,,5.412739725227608
B017,6.732683353327732,36.24905760770903,122.46297347577101,42.7134812116086,42.12566996675319,42.576349952349645,0.6913958407765907,4.956616706181292,13.838317913337184,146.3767041213563,0.42503201726910933,0.8954074896719834,1.5994078842957065,BR-3,Supplier_C,Day,Lot-007,0.0,0.0,51.434640037059125,17.0,Lab-201,317.526416049471,79.59464955099934,2.0975718557077783
B018,6.79940754276775,36.93466218735252,118.25904403013064,36.66373579380644,48.63586416853503,39.28941937289349,0.7775662310063627,3.779341790489854,10.425243918117356,162.58291176236645,0.38520258931267354,0.8593837529550429,1.4080057880412544,BR-1,Supplier_C,Night,Lot-010,0.0,1.0,48.845378419045005,18.0,Lab-102,334.0320459715184,78.39411104832028,5.50256096450482
B019,6.953750810837049,37.22579337922269,134.5920753265209,,48.78266530430665,61.01398874358551,0.6875213637554005,4.62940185193961,13.783464157837797,149.77429423223907,0.42315787938724275,0.770358510348107,1.3644257142772855,BR-5,Supplier_A,Day,Lot-004,0.0,,56.57071588296198,19.0,Lab-102,317.66379333211523,75.22460312536403,
B020,6.9362940856860265,37.52915808285201,113.88779233182358,38.236361961678845,31.246000655476266,48.12448255752215,0.8587356956911897,4.534457139469644,13.779928053438947,159.2305521873923,0.4278952523701651,0.6934266387098466,1.4792943972672496,BR-4,Supplier_C,Night,Lot-008,0.0,1.0,47.6031963451685,20.0,Lab-101,331.604644334316,83.83317571166289,2.5600940626822224
B021,7.176268231795656,37.080704150235505,111.65218448629348,45.79816124304372,32.90406788863567,41.24014502088651,0.6819897407017164,5.243245981011635,14.17424070999494,157.8180740025698,0.3357510353376353,0.7604301314849149,1.5206723909716384,BR-4,Supplier_A,Night,Lot-011,0.0,0.0,45.65700744458951,21.0,Lab-201,322.68874932243506,70.86452582058965,3.6959989416931602
B022,7.073498749567751,36.769899156195,127.74650646224553,35.31062382819022,46.16705332703618,51.95354696481739,0.9054372427589261,4.50173965704236,13.260362864064847,158.15905535176768,0.28055207742210897,0.8156236450520582,1.4469266799381684,BR-2,Supplier_B,Day,Lot-007,0.0,1.0,55.76851386445745,22.0,Lab-101,334.52881607357625,90.0,4.3882818516083
B023,6.710506829264417,36.5874042824453,103.57229516088657,45.06258574033909,32.179454220393,45.290556514851325,0.6782225118485415,4.2182237913698835,13.525373262868772,184.0086679143114,0.4648921070808004,0.9132537671907055,1.6441925245144242,BR-5,Supplier_A,Day,Lot-006,0.0,0.0,51.643167718868824,23.0,Lab-201,314.29149339233936,70.63482350782068,3.307352197264003
B024,7.1227738725221466,36.904007952084726,126.67630046384002,33.307711297851256,30.726023766895764,44.356270598934096,0.7520446101302792,4.321368517215838,14.41264617883665,166.50770410452614,,0.7370734420104273,1.4786288994465866,BR-5,Supplier_C,Day,Lot-002,0.0,0.0,52.8545071545671,24.0,Lab-102,343.68267252782164,73.53116011053609,4.775534908393453
B025,6.926043000275983,36.79525735364016,123.2306382047152,40.57151990892806,35.32593228115524,49.6547736674442,0.7450475910141785,5.300085522815064,15.473400130933365,168.20833908095798,0.2857032757477133,0.8132384094790821,1.7068305394674916,BR-4,Supplier_A,Night,Lot-003,0.0,0.0,41.68330662193122,25.0,Lab-102,309.17524556503054,69.61333251635875,3.1838085628703054
B026,7.259400499049423,36.54472623299491,120.23069012098199,42.76753428201806,40.31124690211022,37.60276525649402,0.9790176074649806,4.894963333049491,13.830261121715331,150.01241533291935,0.3407399276529709,0.8740115727915918,1.5949877065029567,BR-1,Supplier_A,Night,Lot-012,0.0,0.0,38.63789774881221,26.0,Lab-101,305.80245798962795,74.23395336036182,4.868521351503901
B027,6.917034243441354,37.617064477802145,141.05931328579115,59.115911015412415,37.43681811363897,48.29207682546162,0.859634793473991,4.3879035101622605,13.598772357590395,160.1143317972677,0.42245308608034055,0.6294986127902463,1.4383908469445907,BR-3,Supplier_A,Night,Lot-007,0.0,1.0,42.458222853978384,27.0,Lab-201,300.4793658037316,77.01368956731747,4.61911088685124
B028,6.9154092490415975,37.524808940725244,114.53351065646339,32.35879041135743,34.421900087769245,58.43420625025639,0.7945919436946727,4.469954469019517,14.703178884159808,167.9377236694736,0.3646177742876909,0.9027028934351119,1.4114496185868344,BR-1,Supplier_C,Day,Lot-004,0.0,0.0,42.03342891455529,28.0,Lab-101,342.9722960586968,71.3165016416815,3.914707723408891
B029,7.127403689944816,37.2976170392444,146.72357804628894,52.30410196543093,34.2918314605152,49.03015480428252,0.8798463329283668,3.738052600178004,10.2739849630306,156.77923978378294,0.351836621937448,0.7254039542234849,1.2864005921524098,BR-1,Supplier_C,Night,Lot-006,0.0,0.0,53.28959414922331,29.0,Lab-102,324.8333708714148,82.66031908270573,3.38206476268767
B030,7.167326766820649,36.57770236076681,119.29482260926281,43.04889689791096,34.0821461457301,43.55462132540748,0.5671369183204373,4.813660810468347,15.549477279898207,174.17256559166188,0.45704850231721317,0.8465596394765548,1.5965173084586917,BR-4,Supplier_C,Day,Lot-007,0.0,0.0,54.807872402352416,30.0,Lab-201,310.9905511994363,73.43489570780076,4.212157114071372
B031,7.110657885508517,37.199256763504046,106.67580266035726,44.87820342611174,33.16269704237582,42.703815677216426,0.8148239692430911,,14.49876118632949,155.17573072689072,,0.8397346519688594,1.4932659924397826,BR-4,Supplier_C,Night,Lot-007,0.0,1.0,45.758957683740796,31.0,Lab-201,329.98827236248195,73.6229123166612,4.770355240247179
B032,6.726592482870735,37.123869243324265,122.8390349719379,42.828435393717434,50.54898082501834,43.33279017325679,1.0597017013365715,,14.587325758514636,163.42270477721343,0.3361015653234841,0.9067669113171075,1.1704487155098378,BR-5,Supplier_C,Day,Lot-009,0.0,0.0,58.44735215059482,32.0,Lab-201,323.2523062214134,66.5460138329177,6.886518813824251
B033,7.126846199187085,37.05489096847142,109.08505759617478,45.11308772736663,39.63631089152055,44.34924259268942,0.8358815807683206,4.6707418758701955,16.61361547670782,160.72553524021998,0.3916262561276547,0.8640739504714832,1.464285620356896,BR-2,Supplier_B,,Lot-004,0.0,0.0,57.94775515012104,33.0,Lab-201,338.5935296565071,74.51099444730231,5.315188590517453
B034,6.843824550698608,37.33738284346532,112.978929826238,40.924204269465875,42.87717479922606,43.54425753707123,0.8281495803003203,5.912823489765657,10.203805833893853,167.47888593443724,0.4014750212629635,0.6298167606616014,1.4058345553192078,BR-2,Supplier_A,Night,Lot-008,0.0,,48.947191331204316,34.0,Lab-102,296.4260060071211,71.19583667514381,5.366385929742178
B035,7.072349700085888,37.12237990000145,126.7643996001859,52.17835127020221,35.31007392534592,51.956024366984686,0.8857754055570635,3.9949254454516314,10.15756548631028,160.23558935330118,0.40729886688874023,0.7572176602275207,1.8021084147473057,BR-3,Supplier_C,Day,Lot-006,0.0,1.0,40.42486582765568,,Lab-101,311.81567870022894,68.35056162397628,8.323917072804397
B036,6.773727801628169,37.15900498270651,128.6669850638015,38.80470199042694,36.97723827547673,34.73414082914161,0.9274726291977214,4.543535849927651,15.102368459711743,163.56195735636157,0.43011809245129207,0.8310564103482624,1.2775554220970704,BR-1,Supplier_B,Night,Lot-012,0.0,0.0,59.60301319548432,36.0,Lab-201,309.4497433926861,67.34115355110981,4.722341867474982
B037,7.110337986557751,37.12291719918027,114.5339875969489,49.92564200525474,34.07545310246305,51.60300032767887,0.5803039968532168,5.589058235507684,14.484342918717266,163.87482917399814,0.39092182413748344,0.804401609110417,1.3193838720425515,BR-1,Supplier_A,Day,Lot-002,1.0,0.0,46.51186119177273,37.0,Lab-201,291.3158078830968,88.03058027854011,4.678500915836383
B038,6.884812197224673,37.019276992800734,133.8488617405568,37.48943015850884,24.0,43.53203758657335,0.6181208221850767,5.255264302160278,14.874389275022251,159.39051018347828,0.40691611664161254,0.8582088583805416,1.727595142896912,BR-3,Supplier_A,Night,Lot-002,0.0,1.0,48.0093215714478,38.0,Lab-201,327.72392645735636,70.41913649892578,4.985621104050316
B039,6.799125762953106,36.275736104600036,135.89009309625362,41.57823707519099,30.420948977336735,48.45016060701992,0.8452349549303375,4.2170833716310545,13.48332043462062,170.365844816474,0.36574349073767043,0.8831493244535764,1.767082105194234,BR-2,Supplier_C,Day,Lot-006,1.0,0.0,44.28315979514745,39.0,Lab-102,311.7552413303597,63.258087475312394,2.5874476313764454
B040,6.562782203342675,35.30826073366059,84.68732840400487,12.224053210528155,19.02436643862142,38.674578583694384,0.7342148125722988,4.723182085605396,15.961578083327849,194.69530657772125,0.38344840667801927,0.8686761389143742,1.4308027298038974,BR-4,Supplier_A,Night,Lot-007,1.0,0.0,39.88167738962242,40.0,Lab-101,323.87557445983873,67.81067124160457,3.3785377090137416
B041,7.073496013901815,36.7053328144028,128.35296088550868,45.18516604243264,25.62618922126616,54.636101934521335,0.9774430314663897,4.601099646028298,16.551805454580464,165.2024744927215,0.3859143799029499,,1.4488662683505744,BR-3,Supplier_C,Day,Lot-009,0.0,0.0,35.25088455747766,41.0,Lab-102,343.3172632119553,71.69059296314272,3.2913630266307323
B042,6.919484175749279,36.45205566482599,138.3611445450284,52.11588169848574,31.425525641360434,54.096627241117176,0.7821790732137731,4.755075727066786,15.56476104669336,162.12587499884236,0.391830397470047,0.6722930391103615,1.64859766344853,BR-5,Supplier_A,Night,Lot-005,0.0,0.0,,42.0,Lab-102,310.7610756980687,75.28000219569891,4.906659568107386
B043,7.291212192823791,37.488635816755284,99.4304188643113,41.45850674125402,45.28725623659897,52.237338417375476,0.5878563117144258,4.215725760208343,13.926177391509917,173.16889627467998,0.42248968941705184,0.7835615000916145,1.1776640324887504,BR-4,Supplier_A,Night,Lot-011,0.0,0.0,40.73279156882704,43.0,Lab-201,309.9461642081141,75.32877913035188,3.7561556128903217
B044,6.950682564117447,37.50514836930999,118.18512141645844,40.62180010907263,37.75560107762605,36.15409395734199,0.6678383299787203,4.550873778514596,9.863083347248313,163.87749180567238,0.4105330125069657,0.8533094518511164,1.252209010479111,BR-2,Supplier_C,Night,Lot-006,0.0,0.0,71.47624983197458,,,316.42397003668793,76.05968731065916,4.193512795664024
B045,7.035779381314769,37.37572721010346,111.59593692411889,34.19768125852451,45.09810069276646,51.38928696192934,0.5,3.721071193597807,16.192319657681683,163.23972440956658,0.3824319351595101,0.7327642197959617,1.5050826558638861,BR-5,Supplier_A,Night,Lot-002,0.0,0.0,38.31141133910017,45.0,Lab-101,326.8469682358009,68.13083816017603,5.52243646820785
B046,7.078404420582149,36.989324695899555,123.43071033352871,40.39495142513384,40.260404172954814,48.631558069632106,0.7919049355260505,4.674317898527445,17.187803065678704,166.94221026899314,0.3354980708282428,0.8705019784097261,1.7979824905806603,BR-4,Supplier_A,Night,Lot-002,0.0,0.0,36.94094020014904,46.0,Lab-101,308.1994436962782,74.04264266100927,5.2084110341857945
B047,7.7214212397298665,34.90505971779179,69.76957613050577,12.781961366395894,18.607397978527956,35.56573689363831,0.797393904728274,4.847511370382008,15.918028506364756,203.06161397430688,0.383721919193449,0.8926714637813843,1.4802831858933216,BR-2,Supplier_B,Night,Lot-012,1.0,0.0,51.08110972490753,47.0,Lab-201,307.4284608344144,66.74364321533653,3.773590595742254
B048,7.114804532811988,36.90421861321064,120.00610589660322,35.609854092968206,33.045066525824836,45.842067005489696,0.7690644748261722,4.474919323045864,12.564786659791485,153.93679412780915,0.3784590218307341,0.8301493581036674,1.566149886677625,BR-2,Supplier_C,Day,Lot-002,,0.0,59.23450783173836,48.0,Lab-201,327.6862712428964,68.28214210191592,3.0620068643704887
B049,7.709403813219987,35.60963121626445,76.9317234139751,22.961557855980146,16.220524837470503,48.3694741787162,0.9494654846835686,3.7117220101783666,15.982347666069067,192.09018827869937,0.3906249868897259,0.62,1.731406283610242,BR-4,Supplier_A,Night,Lot-012,1.0,0.0,47.51671725554577,49.0,Lab-101,319.5436718860564,66.49374615299844,5.589384624314464
B050,6.955905102001083,36.517285020338306,119.96336244295546,51.233092384189774,42.0079282874089,49.61448927985048,0.9638223803820032,5.143692524568304,16.39316535751518,148.96145954885705,0.5013588918927221,0.7177529309830557,1.8871015573245034,BR-1,Supplier_A,Day,Lot-004,0.0,0.0,51.577939361498196,50.0,Lab-102,290.4632608439422,64.86966687241038,5.0834476532738115
B051,7.275275675164601,37.03894695657459,126.96550780628257,61.66447602860652,34.82843989271469,47.152198885167564,0.7995533891972666,4.800488770896041,17.92939574515799,167.9554584240576,0.35119249718023204,,1.45770424429627,BR-1,Supplier_C,Night,Lot-002,0.0,0.0,32.251620660330325,51.0,Lab-102,300.2952984063707,78.38525693314806,1.751240454386465
B052,6.842694510547762,36.921135074948545,119.21276804090918,37.893904404503694,41.07747203838891,47.89300420950797,0.5638367599027773,4.200691696264462,12.572558166698492,180.17574544847858,0.4032258960518948,0.7762769765577298,1.5473061242026518,BR-1,Supplier_C,Day,,0.0,0.0,41.57990763446587,52.0,,333.0148303659265,76.13167020587332,3.5615844855284067
B053,6.595699540432692,36.444071759107935,,52.04710109651808,41.114032672161585,55.57847404964512,0.8940737896590709,4.445669754239065,14.001799914002895,170.39801672020576,0.4387654136984364,0.6612685421496802,1.841528835414855,BR-4,Supplier_B,Day,Lot-008,0.0,0.0,38.41107416689947,53.0,Lab-201,319.82313939694575,77.85999221986879,4.231721646823467
B054,6.600765505265943,34.95568880143888,,12.888489351280883,20.78942669259755,53.96922041441942,0.886643227421029,3.774631828469988,16.1439985125156,194.35814236963697,0.3853901052754661,0.9188197910648217,1.3064481159693715,BR-4,Supplier_A,Day,Lot-006,1.0,1.0,31.83963320041695,54.0,Lab-101,305.853648827553,72.23587839614578,5.090361603969444
B055,7.488879031469261,36.87209465265011,127.37988879167791,40.94126647277537,31.82477362250953,30.0,,4.036024429722152,14.626302157163947,160.95595478077232,0.5085814815544691,0.8210684473234938,1.7144129712886116,BR-4,Supplier_A,Day,Lot-010,0.0,0.0,47.9358418721911,55.0,Lab-101,312.9550841131802,76.66084619319088,5.27414209291568
B056,6.95705153221912,37.52914640832562,135.9836904265661,45.028161162083066,31.4872941745595,43.936649393555065,0.9377775699169738,4.304203759503573,12.041879275487195,166.279424804397,0.35920783895476877,0.908395239116618,1.3870695148221988,BR-4,Supplier_A,Day,Lot-008,0.0,1.0,29.057379027116532,56.0,Lab-101,315.15884007362007,61.432263572144734,4.397468401645662
B057,6.681369152688367,37.21297466497969,141.76872797123997,42.433415385759716,38.47578048056804,44.929768320964314,0.6802206284246751,5.275631446754083,15.412155827058747,163.7314346613698,0.3978249072276026,0.8421566940175492,1.5663955787365051,BR-3,Supplier_A,Night,Lot-005,0.0,0.0,36.42243227130041,57.0,Lab-101,323.828800323362,77.17852510827213,4.819346543902398
B058,6.974112884284731,36.90400590368201,125.71544098291,42.77277007928553,39.79855427834123,34.61135927727469,1.0610506463422167,4.248273135011888,15.773055594393366,158.9262105286178,0.336065684030886,0.8566847308969735,1.511180952415956,BR-3,Supplier_B,Night,Lot-008,0.0,0.0,42.70244964789266,58.0,Lab-201,298.7008392616945,73.06271898003018,4.089791523329415
B059,6.97847986902868,36.98707555843038,129.07456263242722,39.14166786021332,33.64110793248147,46.61218987851003,0.7048686696229758,,14.693518371928205,163.39111946072617,0.3606661395671189,0.8490407398171613,1.3967181438878034,BR-1,Supplier_A,Day,Lot-012,0.0,1.0,40.34971331239139,59.0,Lab-201,304.9086103359545,75.762657600895,3.0566076365472155
B060,6.995813708615994,36.915474332336466,108.1896258897732,32.21323238140805,38.14621937729354,54.11692552066829,0.9099067512641025,4.303926088426131,14.983086839795877,167.78543044563796,0.3936913650718162,0.87579906495368,1.392703691574676,BR-1,Supplier_B,Night,Lot-005,0.0,1.0,50.171268017656544,60.0,Lab-101,318.27546905836067,74.28013979429169,3.6342298525422443
B061,6.829590152454068,36.828980105321556,120.94547909101256,31.19462358234543,41.13795369876167,38.937308912661166,0.6175182766703977,4.736371158468531,13.930847016291393,159.09504638322423,0.4265467234269251,1.0021944358844879,1.5942262982806008,BR-4,Supplier_B,Night,Lot-002,0.0,0.0,49.44464153521984,61.0,Lab-102,313.8019850340546,66.07766907277868,4.026587661296151
B062,7.134321005645766,36.521150480914095,133.28347357860306,46.57271418296859,41.40004893065915,48.18660610148417,0.7083682375275938,4.5222324738209085,17.75221365857533,158.74346361383783,0.3975502158712966,0.897680506876735,1.7092862925060293,BR-3,Supplier_B,Day,Lot-005,0.0,0.0,54.150389967483655,62.0,Lab-101,321.8623101916405,63.01176134765372,3.951449049973974
B063,7.1244113275514955,36.84713184283758,132.39162366100584,40.06309936940001,46.53534066067368,40.047147397573156,1.0019642376070403,5.080181130051009,12.518477195832112,153.75780906167043,0.44925131671341045,0.6935728545723572,1.5292422074898395,BR-3,Supplier_A,Day,Lot-011,0.0,0.0,53.019069861701425,63.0,Lab-101,300.24591123168483,67.72767500290222,1.3601979337791414
B064,6.761006988432525,36.63886561017162,124.5393167935406,37.827377702406835,45.023394577089235,41.6325718460821,0.788692021239898,4.305853763979793,13.207894321919687,169.51652523480007,0.37477690791740303,0.8557329212223123,1.5612181053973146,BR-4,Supplier_C,Day,Lot-003,0.0,0.0,56.12650231489105,64.0,Lab-101,319.28554411525585,75.38950368763747,3.4435233310987963
B065,7.15585541170508,36.462389561376895,132.63672751481542,42.059539387062074,32.49289711983901,55.60305862210523,0.9207907126159357,3.735109462498657,14.524168129760556,170.90790935770355,0.3617307308588547,0.9113184614482573,1.6413878506065676,BR-4,Supplier_B,,Lot-012,0.0,0.0,46.98465279992757,65.0,Lab-101,328.0990034325297,76.14054849105237,4.078687914324813
B066,7.399483296750261,37.07892763509164,127.88920050792582,47.56452577040939,47.25972415245913,42.473374169273136,0.8484346466463095,3.8399280327500014,16.433698860941963,168.08494399812867,0.5287191809003663,0.9162160645228916,1.3945409963179265,BR-3,Supplier_B,Day,Lot-008,1.0,1.0,49.427735206533356,66.0,Lab-102,320.8418225657914,,3.6060820113320187
B067,7.060952859838671,37.03694263097663,136.40367509911187,43.262547601184785,35.07962922494357,49.00438117856906,0.8074050212799793,4.307467378331483,11.205779025792019,174.68653443455798,0.4016830707193117,0.785871601355272,1.6683508013460677,BR-3,Supplier_A,Night,Lot-008,0.0,0.0,51.09210961535353,67.0,Lab-201,316.6693408771391,66.1134037951907,3.65444668628378
B068,6.969281470827669,36.27465237102117,125.47230988348534,37.40761544351323,43.74680046849935,33.83708224560358,0.9836620389919227,3.9130170161270703,11.617347150516034,166.79080873372655,0.3404285149711799,0.9131955556150502,1.6810948955295595,BR-2,Supplier_A,,,0.0,0.0,48.13325357912821,68.0,Lab-102,313.84939676920834,67.66058588435496,4.683187919126422
B069,7.004439421406646,36.8570603768767,117.73162021314758,50.58405068954265,38.373926443280986,58.10506414906672,0.7916009410417719,4.825616608623753,10.01699728298362,169.5280984362918,0.3418154930763562,0.8942193919640964,,BR-1,Supplier_C,Day,Lot-012,0.0,0.0,43.82244552066341,69.0,Lab-201,304.981786166742,69.85616963839911,2.4894599381319127
B070,7.140746218054341,37.24849548506497,126.03009508319629,53.05429852087143,35.73317841848668,49.91724090099224,0.6063114270923835,4.343827509328057,14.571929495557196,168.73453683073808,0.3281526047007763,1.0258013949575784,1.4898233295104668,BR-3,Supplier_A,Night,Lot-001,0.0,0.0,44.34045972528184,70.0,Lab-102,314.13601689072254,63.827695014884085,1.7207409004683045
B071,6.718479111008701,37.27072830861371,90.0,45.46189658725997,28.057667271237868,44.813751022773296,0.7236111889657953,5.906033602514537,12.039727202145603,165.17613982523613,0.43151131457212333,0.7599998611001191,1.4767069117330995,BR-2,Supplier_A,Night,Lot-004,,0.0,40.459532813360276,71.0,Lab-101,330.1164702345649,63.467689403159206,3.5125622928286555
B072,7.059590326535915,37.259042895009834,126.59462883662059,48.815644579408634,37.05639519381008,49.741052314999315,0.8861430074442033,3.644256972674577,13.653989757960582,161.22260354683317,0.3599592488908717,0.7794079538879659,1.6730345394517994,BR-2,Supplier_B,Day,Lot-006,0.0,0.0,50.37293463927864,72.0,Lab-101,313.5716579207985,67.06898822155468,5.069760167702506
B073,6.959716489096694,36.91361962241551,90.0,50.693719977696674,29.423392205819148,36.83617371183924,0.8674610927635009,4.71199824829039,,185.9273735421272,0.3870049361611067,0.7955104761232037,1.6810566670259421,BR-5,Supplier_B,Day,Lot-006,0.0,0.0,46.24787860731875,73.0,Lab-101,304.3223521278191,72.51752301735003,6.362574255281293
B074,7.362608502332089,36.604234135210795,101.31843911113498,49.9106952148316,43.32014579713525,53.68644982139227,0.6319530099717474,3.9796258370718816,13.088606014277737,161.9324411813184,0.3765070229058952,0.7807822279968979,,BR-2,Supplier_C,Day,Lot-006,0.0,0.0,41.69460999490588,74.0,Lab-101,309.09303493481536,64.91643396147906,5.094979534732636
B075,6.998648907915108,36.520705410424675,127.42122321129182,46.29869423978837,46.34235961426587,43.8940989592732,0.7330788976710159,4.328629262789526,15.008820450035403,160.00710059991607,0.4202320824367514,0.7487983400189118,1.4854939716911921,BR-1,Supplier_A,Day,Lot-002,0.0,0.0,41.70204144540326,75.0,Lab-201,317.41020356731116,71.3051789401694,1.9444307361836137
B076,7.330219770001514,37.02061171666262,127.73035204720155,,33.616989558868205,44.67354815218518,0.7501934380957304,4.677780710337299,13.841456602946211,169.90608841105097,0.3334290748913789,0.62,1.6365809341148865,BR-2,Supplier_C,Day,Lot-003,0.0,0.0,37.31681017773769,76.0,Lab-201,310.51783203382985,78.35131689685089,3.6746858648725205
B077,6.831326674399239,37.0327480120278,108.05085463832083,45.637624013425516,39.66083908385599,42.80423850272435,0.7761436487062929,3.321045743819142,15.978651493212162,168.26668973765504,0.32084352426213414,0.7852240421021492,1.4175865214824541,BR-2,Supplier_A,Night,Lot-002,0.0,1.0,54.830730729897596,77.0,Lab-201,320.8236393967577,64.18932157551895,4.359288133514141
B078,7.1357066500245026,37.35056588906177,,34.31863627817069,34.010346628956135,42.2257658821537,0.6548903693678138,4.7302543642334145,15.54528174816562,153.35687607150706,0.39233635189498767,0.8495486447759923,1.4843145619175977,BR-4,Supplier_B,Day,Lot-007,0.0,0.0,47.6289413562543,78.0,Lab-102,321.2741251289884,70.76132544953677,4.248627563693029
B079,7.087492047482422,37.28499287761973,138.44649186336957,46.9050620980171,34.54333398424766,50.515358975584654,0.7445954670256625,5.646599104250792,,176.10410429107364,0.41305276065849433,0.7805422523595271,1.5643348427789496,BR-3,Supplier_B,Day,Lot-005,0.0,0.0,40.09759984341384,79.0,Lab-102,325.66779816485575,78.14854040250464,4.755026374120024
B080,6.87357149538434,36.85371997021409,116.19163842112789,32.50930220211412,42.259720871259546,47.66339452567745,0.7325667417688566,4.350608935897274,14.128966142519005,165.1522488218425,0.3982892772203702,0.9748304946823287,1.7093501895715613,BR-4,Supplier_A,Night,Lot-007,0.0,0.0,53.46838199681615,80.0,Lab-102,332.08271366718037,69.49038965781715,2.716131474954935
B081,7.061931300634649,36.464527942398696,148.9150437488358,36.437803814124614,37.78803955986123,50.236362919119756,0.9125839911714303,4.74289432124303,16.79623547498509,156.00162014305852,0.335480044899647,0.821070065017269,1.4532642214112734,BR-4,Supplier_A,Day,Lot-008,0.0,0.0,42.516409521645016,81.0,Lab-102,326.9503046924683,68.55798185484949,4.09092032257104
B082,7.248253390629689,36.78831269104619,121.97696176188384,51.124955474656616,47.568064230620564,45.94283451834379,0.9170945573188292,5.163706931218969,15.365429114559014,176.69905702918487,0.41726166631502665,0.9232823244147308,1.2552184860750926,BR-2,Supplier_A,Night,Lot-009,0.0,0.0,35.74799498390214,82.0,Lab-201,303.7891312302245,78.98097488583885,4.58845196168658
B083,6.971717493228412,36.97603091818368,126.8964341225752,47.88154113885938,35.347721367133936,49.335798772001674,0.802502745029342,4.509825574985151,11.426683472947511,171.6310801443654,0.33908764900974014,0.8409136330183974,1.2433444051970863,BR-5,Supplier_C,Night,Lot-007,0.0,0.0,55.16977831375306,83.0,Lab-201,304.1575866410847,70.16278752617072,5.155939334625123
B084,6.725446723149443,36.82927086411371,141.40249278198328,52.41178802780104,43.49634982860969,43.27748316448725,0.7729552244955121,4.2804718963076835,15.942359734577042,154.61912207246877,0.35131537453674894,0.8861125847914606,1.3484939093270187,BR-1,Supplier_B,Day,Lot-008,0.0,0.0,42.7032240834711,84.0,Lab-201,314.0907422824821,78.62697015123341,2.8719945667420914
B085,7.02683869123406,36.69773706217282,123.57232539432104,40.09827931418896,38.5357737712678,60.49325696916206,0.8367909174446936,3.348344977953036,12.113856630640276,181.99464556231953,0.32808255614028986,0.842339324314685,1.3398931650880102,BR-1,Supplier_C,Day,Lot-008,0.0,1.0,43.72880727832968,85.0,Lab-102,309.585895713127,74.5737923467632,3.516780385859943
B086,6.867563842937348,36.988509685239464,109.97187223171039,33.934258111062626,42.37677905359328,35.80845229320176,0.722010987105331,4.952544895667235,17.607528753914213,171.92917631529573,0.4515637091758617,0.9295027705522849,1.5252622786208145,BR-1,Supplier_C,Night,Lot-008,0.0,0.0,47.32944016279342,86.0,Lab-101,301.3400792764687,69.94293208254098,0.21465524789732404
B087,6.968378631040501,36.72361479050628,120.68327057966852,40.3169396205076,35.540632884685294,54.1960926031594,0.682380150139907,4.5377573746491064,16.753017447650254,165.9082349593746,0.4148381847565042,0.824475148010592,1.3597791754243833,BR-4,Supplier_B,Night,Lot-008,0.0,0.0,56.140713782320915,87.0,Lab-201,309.69969846992404,74.87814318358518,3.1299532453911163
B088,7.768844401787024,35.68868256035387,67.92988079966925,,20.806001877753978,54.89139842968631,0.7071734549289139,4.04302388173651,15.137748047020482,197.73373119477347,0.413274635662338,0.8596896566471028,1.4375592064286074,BR-3,Supplier_C,Night,Lot-004,1.0,0.0,47.160298326930494,88.0,Lab-102,309.30584479657153,73.92269708307623,3.2658191498405396
B089,6.722982601117208,37.0090084920062,105.62310017358121,42.55292101438007,37.36475616385586,40.46096776122364,0.7438224203234252,4.669628190652731,14.845912255559625,167.43368005446678,0.44859662816283474,0.8493066346920034,1.4261462584028721,BR-1,Supplier_A,Day,Lot-003,0.0,1.0,37.407062990838156,89.0,Lab-201,306.93782712286554,78.12529692601484,2.57258168856558
B090,6.739181498922278,36.759302596954775,118.93001514391013,49.93576335129691,33.40168586834817,60.49027846861382,0.6803831440249274,4.2789758037566,,165.7472523240637,0.5346957086531298,0.7969371633498145,1.479518742264321,BR-3,Supplier_A,Night,Lot-010,0.0,,51.35101603289744,90.0,Lab-102,311.2105261661399,68.7099267728099,4.2318570103257125
B091,7.1167720303945945,36.98543653614242,113.09369487203077,39.47110702497588,41.64144844019964,52.47068683914457,0.8394471470875449,4.309365627886461,15.992752693080062,160.0572989558021,0.28599256428494146,0.8523985855139741,1.7616006930436996,BR-1,Supplier_C,Night,Lot-005,0.0,0.0,,91.0,Lab-201,329.14141020382,72.24723640068972,3.9216763951366245
B092,6.935910634689458,36.99562140799824,133.0922930862492,44.46424130262047,41.576369530681006,52.312403544348925,0.907565880854045,4.933460135859789,13.684288027183465,171.23665395376372,0.33938928805175905,0.9987508996958145,1.6559116143088828,BR-4,Supplier_C,Day,Lot-007,0.0,0.0,62.10339177223573,92.0,Lab-102,317.3908564949909,71.63090592237218,0.8371005713913444
B093,6.568346018472298,36.50119984961795,122.41534249022307,35.07960995395776,41.26455082198062,46.182144215668195,0.629548203904211,3.863889673771885,15.018253715407766,170.28942670591582,0.3461103703704012,0.7983682446323646,1.5525807064441606,BR-3,Supplier_A,Night,Lot-003,0.0,0.0,46.99104222401688,,Lab-201,344.66170891266563,76.2248888498387,4.301711157022459
B094,7.171271926589465,36.7315656066471,118.60645101022916,45.15222094630669,46.45331109654705,44.58802997157861,0.823015445345924,5.176023407340567,16.418255606342793,166.1321212590074,0.3332049207689519,0.8535571914282598,1.476235795107066,BR-2,Supplier_B,Night,Lot-006,0.0,0.0,29.11971601681067,94.0,Lab-201,317.0460982322358,65.84892483333495,2.700346216895362
B095,7.079026555949364,37.40322192897076,120.72581683252909,42.02175985129946,45.97139640679967,44.63884262424255,0.7936077045680396,3.8312726102848775,13.264025604243702,158.89012281519157,0.3207329213817958,0.9206223160695554,1.4806827749403166,BR-2,Supplier_B,Day,Lot-007,0.0,0.0,49.85891977724539,95.0,Lab-101,311.51921071275297,78.10186228942713,4.679964542866721
B096,6.901502531673433,36.493272170543,124.67746422087399,36.75130663200838,35.93780420582976,48.53844887607686,0.8609810422644163,4.2355142254046045,13.144375972020471,167.16936868749465,0.3635190814769549,0.9112202624755423,1.602439435192312,BR-4,Supplier_C,,Lot-008,0.0,0.0,62.55678233808183,96.0,Lab-102,315.0495945918584,74.7979726330225,2.2054082531798684
B097,6.792970562009517,36.159170942860314,129.40177039627736,40.34919446477603,40.05178775138798,55.10771078772032,0.8184473478275693,5.657620406736617,11.87239594240619,165.37181092814075,0.3130867956590827,0.8209373134175492,1.6434670517363665,BR-2,Supplier_B,Night,Lot-007,,0.0,59.607362308363115,97.0,Lab-102,318.0779037413225,64.09844955820232,4.042009153943316
B098,7.1804454213365805,36.24835419636512,,40.71076977439345,34.57019620907983,47.178542416099226,0.6455680864082043,5.220045118903332,12.158159958522422,153.9987311313922,0.39842733021455773,0.629328903763411,1.4047811990239039,BR-1,Supplier_A,Day,Lot-005,0.0,0.0,,98.0,Lab-201,320.2230474860528,79.249576952883,3.6035713395588918
B099,7.0928831120608775,36.91018848130183,109.50094840854473,40.108914094640326,38.128454238630056,40.075616449607615,0.6685132841371401,4.653682195872491,10.477530314828694,152.75368883808233,0.38284340767857383,0.8613362254918773,1.5558369208982772,BR-1,Supplier_A,Day,Lot-012,0.0,,38.84191851694829,99.0,Lab-201,339.9205359103083,85.40455848478639,4.4243426389304625
B100,7.458868410883134,36.910821047311444,135.25615058483035,54.39938869587378,34.701378029846246,51.35877590550237,0.8235308290701967,4.082708381474331,16.105623335834164,171.08638040928793,0.40645657656200107,0.6424420593101557,1.2249408690139156,BR-5,Supplier_A,Day,Lot-007,0.0,0.0,54.297219167814234,100.0,Lab-201,304.85615442026915,78.01100381729644,4.174576188711885
B101,7.105633947770489,36.8588362006012,117.05195753354323,41.31087798384484,46.91038670024828,51.98747985156615,0.9434537103694611,4.308900231315058,18.479611992582097,142.5830051645348,0.4079250648401039,0.9375949784752984,1.5838742054672956,BR-5,Supplier_B,Day,Lot-010,0.0,0.0,41.224043682106306,101.0,Lab-102,325.3085526981328,80.56190860335882,3.6427701549699636
B102,7.099786565427163,37.324966440124975,104.99789488883751,40.292727228758636,40.0003398268863,,0.5542975154748396,4.640301423022133,17.635723675634672,167.84869474265133,0.4131653769384672,0.8335579096954608,1.6719438787133898,BR-4,Supplier_C,Night,,0.0,0.0,48.79431519533539,102.0,Lab-102,317.49300717136947,72.51222828961554,1.8492187603380574
B103,6.999952972580458,35.96450794841397,127.32575251259726,27.31784329672901,36.80083979542568,50.84574289241239,0.8614871895761895,4.620637777786778,10.922614125021664,161.69725248021558,0.35946250847468647,0.8999739215897591,1.50518901969906,BR-2,Supplier_A,Night,Lot-007,0.0,0.0,36.81638057008214,103.0,Lab-102,296.14682708915257,62.03097048156894,1.9319088511545561
B104,7.177019656096142,37.03857685605079,127.56043767239224,35.740548536143656,44.56490214521007,44.23896715397425,,4.55002098870572,16.09468027742364,177.7742194619192,0.49666288714485174,0.7478311089455159,1.840644319382417,BR-5,Supplier_A,Day,Lot-011,0.0,0.0,41.84435388093827,104.0,Lab-201,324.24838538513717,60.935277292994854,3.1825582852708934
B105,7.142515336224668,37.44650337063125,103.63141691291952,40.15848602880553,26.061615246125236,39.96157041365123,0.8016368948552544,4.583042117253698,17.628633969831824,161.5587861176151,0.39289371140651536,0.6957994021359956,1.409001848410232,BR-4,Supplier_A,Night,Lot-002,0.0,0.0,41.590026421091075,105.0,Lab-101,330.21148272964683,73.53049226320655,3.9884081624985783
B106,7.255310501541735,36.505276732287896,124.75378058556328,37.1990312667635,26.922435728240906,40.35674270083493,0.8860242995231729,4.482093689662187,13.495018042374939,171.93535792826705,0.2775633386056363,0.8408603507312933,1.584790466448522,BR-4,Supplier_C,Night,Lot-012,1.0,0.0,54.18844224114093,106.0,Lab-102,304.71388315467084,68.44812715362012,3.148452873921236
B107,6.936161874645289,36.767067720873534,130.82699710914048,51.67195315364458,42.37711260370875,35.36948888502393,0.7356317102922637,3.8069116953979925,14.72318434743011,162.4277754288599,0.32486933398285806,0.8173117248035086,1.5442680405334472,BR-3,Supplier_C,Day,Lot-011,0.0,0.0,53.405752973357245,107.0,Lab-101,314.8927935852964,66.5125423300359,4.8752967028112515
B108,6.951626654870087,36.63648782896998,126.49263742047516,40.84543557222647,38.33257646464553,47.54016597504867,0.8056760560867747,4.3159190918115415,10.082635288229724,167.02373338137528,0.28427233560347015,0.7806767339074266,1.5339523732090548,BR-2,Supplier_A,Night,Lot-007,0.0,0.0,49.21455783464657,108.0,Lab-201,294.29574885590756,71.62351989618794,3.609090713103643
B109,6.943761429235844,36.58697888387287,129.58377780513675,51.019109745227766,39.377454651434185,45.45758290902714,0.6254903778030217,5.103043229692766,15.086819569548611,172.63152877828045,0.3809534046033219,0.826772902458621,1.5317084531192404,BR-1,Supplier_A,Day,Lot-009,1.0,0.0,36.196628655556914,109.0,Lab-102,299.89432248378796,75.69351172716773,2.648982185308686
B110,7.172344309812218,36.78580829824193,,42.431932438352575,30.70482143174798,43.14007992055689,0.5386788029897351,,12.160168595243622,161.8369985530788,0.37330071267706666,1.0413948713625807,1.5671368048015155,BR-5,Supplier_B,Night,Lot-007,0.0,0.0,44.50688452840224,110.0,Lab-102,327.576354931407,63.28345471942711,3.610665189816927
B111,7.299707399253412,37.39961984928958,125.97248185995434,42.26059485495104,37.87221459032298,30.0,0.933131896147033,4.495744468653396,14.939197039405332,174.96899396048565,0.3542365866155298,0.8867620437895246,1.685673398954192,BR-3,Supplier_A,Night,Lot-004,0.0,0.0,41.03106813645819,111.0,Lab-102,309.4030019279108,69.30673427831769,4.316203770843173
B112,6.562051752153809,34.915524920395214,87.12633036783379,17.90135138514119,18.676377210094003,37.8924364469879,0.7018006086730669,4.149135339176035,11.065353571184463,192.4872452478788,0.49060093618202827,0.9039598884690655,1.7704377978039592,BR-2,Supplier_C,Night,Lot-010,1.0,0.0,53.95740605355593,112.0,Lab-102,301.69436430074353,81.0592240987219,4.454838606354418
B113,6.953540728997244,36.78242127123595,116.20651809530426,42.026573761350214,42.533097908877245,53.28546423412058,0.7653366585995883,4.661242736168961,15.69428809385071,168.6513355830254,0.4101940580742301,0.8875149513242684,1.5496399608793348,BR-2,Supplier_A,Day,Lot-003,0.0,0.0,56.42547882253748,113.0,Lab-201,317.75352437350114,65.54826971867175,6.629730784790381
B114,7.086533900296564,37.56677107492256,132.44666731303673,54.03156502134902,38.933385998285466,41.67993099958965,0.6536269296075767,4.386251750413249,16.75392788593872,174.3037575050907,0.4199354098795484,0.9383569715081754,1.6804505715474614,BR-3,Supplier_A,Night,Lot-004,0.0,0.0,55.451084688247064,114.0,Lab-102,308.73105082282774,77.21856712298974,3.0635269239952128
B115,6.985762929997678,36.91245176694462,139.75129412809076,25.762724912741472,35.58520349442284,48.343845904769466,0.6508036356299349,5.412566515736068,12.777004304226631,171.94033742611302,0.3287909581631843,0.8047942661679404,1.4377172885973148,BR-1,Supplier_C,Day,Lot-007,0.0,0.0,40.958244644663836,115.0,Lab-102,309.3501401066936,69.09161543070604,3.8971298737734394
B116,7.201369657565181,37.513791859345375,143.5324406552043,27.98917978892925,35.82984931471833,36.960544705160835,0.799139475988646,4.878620734804639,11.998770320897044,183.2480038906187,0.3250470309767943,0.6556190953859764,1.6725528724361973,BR-5,Supplier_A,Day,Lot-011,0.0,0.0,25.083735021684166,116.0,Lab-101,323.87191230809884,75.27476255909971,4.596573525547197
B117,6.624680087688572,36.867345472621274,,38.1978041826072,26.289411609399902,55.351585635335,0.7324507367037224,3.8785082588225333,9.756749306390041,159.12904614420407,0.38202430245033253,0.8049131093595192,,BR-4,Supplier_A,Day,Lot-005,0.0,0.0,32.86430481495957,117.0,Lab-101,301.05919969278784,78.5839650432172,3.9672078571188587
B118,6.881193091554959,36.94587023911615,120.68318982043779,42.10169517356298,39.41702231506638,45.063820209644604,0.8653565197593638,,13.91389022503461,153.58765673786272,0.38951539268087243,0.8849388567997201,1.7245055897741013,BR-4,Supplier_A,Night,Lot-006,0.0,0.0,58.37301582465767,118.0,Lab-102,304.135617447818,76.44769060191012,3.2991345956158855
B119,6.88916505988694,37.02791606542499,126.23264195631612,46.83073097334809,42.6501570966502,47.88526257714298,0.874304610277551,4.173941479055865,13.220493344580468,157.05098402354392,0.2779028638087049,0.742415968390794,1.9037025403829184,BR-3,Supplier_A,Day,Lot-001,0.0,0.0,43.78996048544141,119.0,Lab-201,316.84895990578644,77.45495761328326,1.8310399531180592
B120,6.612335917770494,38.012598787778636,131.2018744614109,45.31161038619233,29.334093700561617,61.117568647230954,0.8585019575589528,4.2826519957423566,11.08775729283428,171.94398309893595,0.3700831137432756,0.8058907239608535,1.5304665779245774,BR-4,Supplier_A,Night,Lot-002,0.0,0.0,40.9942030538791,120.0,Lab-201,326.6329174889785,65.09043879955226,3.284831617325778
B121,6.856545080013616,37.197949951195675,123.45413539159354,39.31027860983601,34.36220709231251,55.85686065383112,0.8486320949114132,4.772600461058917,15.496641263886778,170.48130640842442,0.38077396455804274,0.7646584205598149,1.1991930414708147,BR-3,Supplier_A,Night,,0.0,1.0,60.14128234748987,121.0,Lab-102,329.8579236178782,,2.4968166221950785
B122,6.865271899147734,36.65245741451699,123.56917025493853,49.13330585269234,31.633944522716178,44.00732346163412,1.0093321845918264,4.329538919148425,13.510065159897772,166.92030993682675,0.36816679588258794,0.9401623401474504,1.4623083306808284,BR-4,Supplier_A,Day,Lot-001,0.0,0.0,57.12127956390661,122.0,Lab-102,307.01925935566055,66.88384131219108,1.5827506464267103
B123,6.993801162186611,37.23914925459655,131.88503758251417,49.211367822069114,32.6905684285518,42.144068798342666,0.6918887477146136,5.091070698977625,12.133380890980488,155.89338655803584,0.3352635273209328,0.8799565612325251,1.7471000214862886,BR-1,Supplier_A,Day,Lot-011,,0.0,47.19558977535829,123.0,Lab-102,326.2485236030358,73.55725059342923,2.8860496216611793
B124,7.230333860498848,36.77335861202048,121.28860824768881,43.28840481890096,38.29414894752045,43.88395742512304,0.8134078160556498,4.174019466167632,13.279940707591017,172.90180563996154,0.3503255649943373,0.8721232496515167,1.6384922859240392,BR-3,Supplier_B,Day,Lot-011,0.0,0.0,44.65277527148821,124.0,Lab-101,305.5902924783551,73.54947712198336,2.5340715909269638
B125,6.985889082785674,36.72858743598457,113.24855676351606,48.73860300740789,26.53578814756339,49.31433861509748,0.9559227784623506,4.2595793960747494,16.856869985645154,154.97765700114513,0.3702727443534962,0.8697281050496777,1.5898261757880048,BR-1,Supplier_B,Night,Lot-010,0.0,0.0,45.943190297495,125.0,Lab-101,336.9145121628816,74.91073535321749,4.817301163410128
B126,6.844453530351193,37.21801047596224,117.0263232099697,43.9085168440249,41.37848741096385,45.31604312736934,0.9717447771205643,4.23899600854854,15.826461276261488,176.4305462413921,0.38499400129855266,0.8170200597958298,1.7113869369527743,BR-3,Supplier_A,Night,Lot-001,1.0,0.0,,126.0,Lab-102,301.39474769496326,74.02174005636114,4.841528572380011
B127,7.019748182581565,36.9108799557199,129.6069245328049,38.06961881251981,42.14620288463525,43.43091305747743,0.6493883620786512,4.288898688404728,14.213942664703323,190.0,0.41326353704028124,0.8358045026022002,,BR-2,Supplier_A,Day,Lot-001,0.0,0.0,59.80037825055686,127.0,Lab-101,330.9417457295008,,2.734568994586775
B128,7.218851251859443,36.99750157007913,122.03591949439947,46.884717873000035,36.618935765796984,55.536678129608774,0.7825173470012956,5.204555355551297,15.862031040622675,169.29806031914396,0.4394470912722979,0.7251852335574145,1.744836029992182,BR-1,Supplier_B,Night,Lot-004,,0.0,,128.0,Lab-101,307.1221667181753,63.90079552622571,3.6356799172116303
B129,6.47470345793367,35.27953283591412,75.0070182695234,12.343650768897149,20.523264870231618,45.25763570344406,0.9829745315040712,4.945837961485666,11.945993695949173,189.35938689158073,0.36381087520600125,0.6450846416999545,1.6971077882635177,BR-1,Supplier_C,Day,,1.0,0.0,52.80823226431313,129.0,Lab-101,339.1589574575352,,1.3984602730424505
B130,6.866096520894139,37.0178040943119,130.04095090642627,42.00937892728141,32.519697556986856,60.94732910474258,0.8809694926238878,5.540469174706638,14.571214221599467,161.56426207993997,0.3549114092136553,0.8320064904276019,1.7934720724379134,BR-3,Supplier_C,Night,Lot-005,0.0,0.0,56.35416087256137,130.0,Lab-101,322.0958487462298,73.1150074651135,3.307924069744228
B131,7.130538812669361,37.04873806410265,117.50190244522868,52.31067500532702,44.78096063756483,46.58982666438912,0.8434315637775727,5.84720431214459,14.824109127070235,149.70808011021865,0.40407106204438686,0.8459192205017715,1.6074073734250007,BR-1,Supplier_A,Night,Lot-006,0.0,0.0,37.64259199180465,131.0,Lab-102,302.8078016471013,78.89626104574691,4.558574660983284
B132,6.990123499168456,36.222061573553106,131.07497796355767,25.0,24.0,57.604569562460725,0.7938778367878412,4.033105632437213,13.466359681302801,160.575525732728,0.413596470402597,0.9167411654740302,1.6948415042390328,BR-5,Supplier_A,Night,Lot-003,0.0,0.0,53.038895139792345,132.0,Lab-201,308.7331382454899,71.7316023948728,5.154913045459744
B133,7.146547244327706,37.133300434013336,126.54611124150074,32.07621080888301,36.088621232935644,48.322576247619075,0.7739438889150705,4.638730520030008,15.45800833910632,156.16394283011127,0.35611897617076127,0.9457068652865894,1.5008596683062745,BR-3,Supplier_A,Night,Lot-009,1.0,0.0,44.64344996270711,133.0,Lab-201,324.3741744626849,63.569013835938236,3.001734085632161
B134,7.027543577476846,36.55629320305939,107.18224295706226,33.69050701537941,31.509995718430076,52.25924372612141,0.8545862875708389,3.9530898258461113,12.783046399782208,152.97695881226485,0.42347164123313946,0.9455998787999157,1.4537662701505591,BR-2,Supplier_A,Night,Lot-004,,1.0,26.871238433817872,134.0,Lab-102,327.63173301138676,77.79677808602463,
B135,7.156299456656122,36.39519530255421,139.30765749423495,39.45717546701836,42.4251366587166,41.29002816513479,0.7897151050018619,4.172316739738453,15.62160555710746,181.50123947796084,,0.7401581125364898,1.8230828224670357,BR-3,Supplier_B,Day,Lot-001,0.0,0.0,29.974643664113504,135.0,Lab-102,314.1514128993064,69.77777634203336,1.8780313098811399
B136,6.843685939472685,36.87955606464946,115.99106307491701,40.21774281163779,34.286873263210964,40.450565053181826,0.8148905654746667,4.253454619359381,15.714089297368842,168.45576266223196,0.45104275561122703,0.7918187972040184,1.5845927482116302,BR-1,Supplier_A,Day,Lot-009,0.0,0.0,38.855059107850515,136.0,Lab-101,315.5358993715616,74.05202074452613,2.2533210811986906
B137,7.0278247628581125,36.92939335116006,102.1388558817778,31.448720465588668,40.22174711404586,48.98808870759742,0.8294318447338045,4.018564819223949,8.082248262466454,169.41718822552585,0.47780764986959023,0.8584267436705103,1.6787808905379806,BR-5,Supplier_A,Day,Lot-011,0.0,0.0,51.24978582874065,137.0,Lab-101,324.1002363917288,68.11524342912288,4.993526611893027
B138,6.992075797414632,36.6572728423997,109.45947548496437,35.10389377382422,41.11003230543001,52.42559607602455,0.73863141658078,4.021461999905872,17.11867254772226,163.21879871323375,0.3323471123737309,1.022552374219374,1.5697984023058225,BR-3,Supplier_A,Day,Lot-001,0.0,0.0,47.91039652272237,138.0,Lab-102,316.58158112412985,81.86581026140215,6.339569719988546
B139,6.811139633661257,37.19086115018379,109.74745807186014,35.97410825033501,48.09924211851511,46.261667263003005,0.8838555248657726,4.52064359181386,8.0,164.44416025800908,,0.9384079362971133,1.4561574958528058,BR-4,Supplier_B,Night,Lot-006,0.0,0.0,48.47493365740531,139.0,Lab-102,299.4779416879395,66.74061105490082,4.690804783457174
B140,6.748573969383636,36.43023869177018,122.62607982389041,59.20196864453124,36.883819309785466,37.63844332195597,1.15,3.9308048698874756,13.144692143776524,174.680956140154,0.3806202733140263,0.9095517729598703,1.5517572628131842,BR-1,Supplier_A,Night,Lot-010,0.0,0.0,62.607547861493536,140.0,Lab-101,305.24431170431785,69.97542147536295,3.943520658852383
B141,7.153434826349439,36.7575696879296,118.71379393344516,54.612193634230024,40.06824403292436,37.15832061911937,0.6067616032808709,5.063169827525698,16.755765675367062,165.70896593174305,0.3746059537307121,0.7889769635560567,1.7797590428428343,BR-3,Supplier_C,Night,Lot-009,0.0,0.0,36.8472830811215,141.0,Lab-102,317.82143931781997,72.6446922161839,
B142,6.9668285712007645,36.69529405277345,117.95801638831288,39.117754076207454,29.832194864799103,36.723613385789434,0.8588815029027975,4.095235554420367,13.80196920444463,170.7762454422226,0.3442905394214425,0.7493440295075899,1.638838411884708,BR-3,Supplier_A,Day,Lot-011,0.0,0.0,46.78053316653021,142.0,Lab-101,329.5857889979723,65.44690603747826,1.168574121539129
B143,6.845989549303481,36.88369445538123,129.43642358578975,,44.54727459811559,34.51045626589402,0.7287771893657313,6.145262933553015,11.274390838567008,164.23596131939485,0.29829408982229105,0.8831126306706591,1.2761642944431266,BR-5,Supplier_C,Night,Lot-005,0.0,0.0,49.43548418251052,143.0,Lab-101,334.39178908994455,73.98311717152558,4.181173351654216
B144,7.012687791353801,36.99760249962653,126.07850433431244,33.95557201968194,33.81720133560749,46.71165483640607,0.88928830930231,4.351738551969582,12.093778464223325,162.9206239834116,0.38509736953159523,0.7319470988612511,1.5155608869478152,BR-3,Supplier_A,Day,Lot-005,0.0,0.0,41.10981506769332,144.0,Lab-201,324.3543530492574,81.67146286480494,3.4987122626003555
B145,7.233043394322875,36.54723746763176,125.79257444773144,28.643087107423135,34.9158520975174,53.31278549110216,0.8255868967993433,4.639609703054378,16.759192641905365,153.33777250958323,0.3377404387248648,0.8009250919215758,1.835167006832754,BR-3,Supplier_C,Day,Lot-009,0.0,0.0,47.22661396066353,145.0,Lab-102,318.4474891324364,69.05722703583774,2.451830744987035
B146,6.619467187833054,37.15349893710968,126.91794148794432,41.18183869514033,37.87763712832934,45.91279738498874,0.9114225728850955,3.88756234854368,10.272690032792996,148.20025843869584,0.3847296414411194,0.8108177640798462,1.515792502104007,BR-2,Supplier_C,Night,Lot-002,0.0,0.0,34.20040532732524,146.0,Lab-102,323.9857666317897,74.37085691419036,4.091745613162071
B147,6.7606050358174015,36.92205082891714,129.39361601602687,35.01503611729182,29.40413610063083,31.30730407730396,,5.5383504669702015,16.98378042211644,163.64594289040238,0.3363276052065631,0.9474329671298246,1.261923409322531,BR-2,Supplier_C,Night,Lot-003,0.0,0.0,58.27924973820022,147.0,Lab-201,,55.503387683768665,4.161183914510933
B148,6.8638804404588525,36.23781881134083,96.70455989867068,41.406046278365935,39.25823515910916,44.76005700782543,0.8430905341321817,5.215725374441604,14.378775382106964,166.50847022793909,0.31951879097856123,0.7916242157632257,1.852887821667607,BR-3,Supplier_C,Night,Lot-008,0.0,0.0,41.54708357975653,148.0,Lab-201,313.16122847690144,,5.322182215956381
B149,7.293012196009659,36.214492995861036,117.62674097282647,30.79855905669566,43.32106450108756,,0.9558462746097013,4.763303728904861,11.876730273026645,154.4248296696209,0.39288640982072937,,,BR-3,Supplier_C,Day,Lot-009,0.0,0.0,63.25120131822803,149.0,Lab-201,305.1104313439263,70.12174628444276,4.191243196217781
B150,7.080865656925473,36.89568824747474,95.8374792261263,,39.611136029235105,59.623991876465354,0.5386842527453587,3.8592585981712384,13.21714684093408,165.6897262146883,0.3883006839743573,0.8603555718129974,1.538797942589952,BR-1,Supplier_B,Night,Lot-002,0.0,0.0,46.74020540866036,150.0,Lab-102,300.01508867150744,67.0890143855377,5.719752115668138
